Colunnn 1," Colunnn 2",Colunnn 1
もも,もも,momo
ぱぱ,パパ,papa
くま,熊,kuma
あい,愛,ai
あか,赤,aka
あじ,アジ,azi
あな,穴,ana
あゆ,鮎,ayu
いか,イカ,ika
いし,石,isi
いぬ,犬,inu
うし,牛,usi
うそ,嘘,uso
うに,ウニ,uni
うめ,梅,ume
えい,エイ,ei
さば,サバ,saba
えび,海老,ebi
えみ,笑み,emi
かに,カニ,kani
わに,ワニ,wani
ごむ,ゴム,gomu
さる,サル,saru
すし,寿司,susi
たこ,タコ,tako
たま,タマ,tama
ちげ,チゲ,tige
ぽち,ポチ,poti
みけ,ミケ,mike
ぶり,ブリ,buri
ぴざ,ピザ,piza
なつ,夏,natu
はる,春,haru
あき,秋,aki
ふゆ,冬,huyu
じか,時価,zika
ねこ,猫,neko
いど,井戸,ido
つき,月,tuki
たけ,竹,take
すな,砂,suna
うみ,海,umi
かい,貝,kai
ねぎ,ネギ,negi
ちか,地下,tika
かぜ,風,kaze
しろ,城,siro
かべ,壁,kabe
ぞう,象,zo
のり,ノリ,nori
いす,イス,isu
さら,皿,sara
はな,花,hana
うま,馬,uma
ぱん,パン,pann
こめ,米,kome
がむ,ガム,gamu
どあ,ドア,doa
いと,糸,ito
ゆき,雪,yuki
やけい,夜景,yakei
らいち,ライチ,raiti
しげん,資源,sigenn
もでる,モデル,moderu
こいん,コイン,koinn
あふろ,アフロ,ahuro
かんじ,漢字,kannzi
ばなな,バナナ,banana
ばっと,バット,batto
あなご,アナゴ,anago
うなぎ,ウナギ,unagi
わーい,わーい,wai
すいか,スイカ,suika
いちご,イチゴ,itigo
くろず,黒酢,kurozu
つつじ,つつじ,tutuzi
ぞんび,ゾンビ,zonnbi
ごうう,豪雨,gou
かーぶ,カーブ,kabu
あかみ,赤身,akami
あわび,アワビ,awabi
いくら,イクラ,ikura
いわし,イワシ,iwasi
おちゃ,お茶,otya
かえる,カエル,kaeru
かれい,カレイ,karei
あれ?,あれ?,are?
けがに,毛ガニ,kegani
さっき,殺気,satki
さんま,サンマ,sannma
はまち,ハマチ,hamati
しろみ,白身,siromi
かっぱ,カッパ,kappa
にゃー,ニャー,nya
ばった,バッタ,batta
ひらめ,ヒラメ,hirame
ほたて,ホタテ,hotate
まうす,マウス,mausu
まぐろ,マグロ,maguro
するめ,スルメ,surume
さんそ,酸素,sannso
ぷりん,プリン,purinn
わさび,ワサビ,wasabi
かっぱ,カッパ,kappa
まっち,マッチ,matti
あー!,あー!,a!
わー!,わー!,wa!
とんぼ,トンボ,tonnbo
でんわ,電話,dennwa
すずめ,スズメ,suzume
れたす,レタス,retasu
ばけつ,バケツ,baketu
ぼーる,ボール,boru
めがね,眼鏡,megane
ことり,小鳥,kotori
ひっし,必死,hissi
なまず,ナマズ,namazu
あさり,アサリ,asari
しじみ,シジミ,sizimi
むしば,虫歯,musiba
しっぽ,尻尾,sippo
ばっと,バット,batto
ぼきん,募金,bokinn
うさぎ,ウサギ,usagi
あひる,アヒル,ahiru
ひつじ,ヒツジ,hituzi
つくえ,机,tukue
あいす,アイス,aisu
はなび,花火,hanabi
おやつ,おやつ,oyatu
みるく,ミルク,miruku
こっぷ,コップ,koppu
おふろ,お風呂,ohuro
さくら,桜,sakura
わごむ,輪ゴム,wagomu
めいし,名刺,meisi
のーと,ノート,noto
くるま,車,kuruma
きっく,キック,kitku
すきー,スキー,suki
しまい,姉妹,simai
りぼん,リボン,ribonn
ずぼん,ズボン,zubonn
ぶーつ,ブーツ,butu
りんご,りんご,rinngo
こあら,コアラ,koara
れんず,レンズ,rennzu
だいや,ダイヤ,daiya
するめ,するめ,surume
かれー,カレー,kare
めろん,メロン,meronn
めだか,メダカ,medaka
ねごと,寝言,negoto
ふいうち,不意打ち,huiuti
くまげら,クマゲラ,kumagera
むささび,ムササビ,musasabi
すぺいん,スペイン,supeinn
ちちのひ,父の日,titinohi
さざなみ,さざなみ,sazanami
しょどう,書道,syodo
たちよみ,立ち読み,tatiyomi
びしょう,微笑,bisyo
おかりな,オカリナ,okarina
ふじさん,富士山,huzisann
しきしゃ,指揮者,sikisya
ぱぱいや,パパイヤ,papaiya
どりあん,ドリアン,doriann
こーひー,コーヒー,kohi
ししゃも,ししゃも,sisyamo
たこやき,たこ焼き,takoyaki
とびっこ,トビッコ,tobitko
やきゅう,野球,yakyu
おむれつ,オムレツ,omuretu
ぐろーぶ,グローブ,gurobu
にんじゃ,忍者,ninnja
きばせん,騎馬戦,kibasenn
わたがし,綿菓子,watagasi
らーめん,ラーメン,ramenn
よーよー,ヨーヨー,yoyo
かおもじ,顔文字,kaomozi
こしあん,こしあん,kosiann
つぶあん,つぶあん,tubuann
たいふう,台風,taihuu
そぷらの,ソプラノ,sopurano
いのしし,イノシシ,inosisi
ふぃるむ,フィルム,firumu
ぶらんど,ブランド,buranndo
あぼかど,アボカド,abokado
おれんじ,オレンジ,orennzi
めんせき,面積,mennseki
たんぽぽ,たんぽぽ,tannpopo
うめしゅ,梅酒,umesyu
たぴおか,タピオカ,tapioka
かんふー,カンフー,kannhu
てぬぐい,てぬぐい,tenugui
あいこん,アイコン,aikonn
しまうま,シマウマ,simauma
らいおん,ライオン,raionn
ろうそく,ろうそく,rosoku
くつした,靴下,kutusita
きんぱつ,金髪,kinnnpatu
けんだま,けんだま,kenndama
かにたま,かに玉,kanitama
ぼくとう,木刀,bokuto
せんしゃ,洗車,sennsya
あかがい,赤貝,akagai
あまえび,甘エビ,amaebi
うぐいす,ウグイス,uguisu
いやーん,イヤーン,iyann
えんがわ,えんがわ,enngawa
おおとろ,大トロ,otoro
かずのこ,数の子,kazunoko
さーもん,サーモン,samonn
すーぱー,スーパー,supa
すらいむ,スライム,suraimu
でこぴん,でこピン,dekopinn
あざらし,アザラシ,azarasi
ねぎとろ,ネギとろ,negitoro
はんせい,反省,hannsei
きんぎょ,金魚,kinngyo
ざりがに,ザリガニ,zarigani
みじんこ,ミジンコ,mizinnko
しんばし,新橋,sinnnbasi
はちみつ,蜂蜜,hatimitu
かんぱち,カンパチ,kannnpati
しょうゆ,醤油,syoyu
すきやき,スキヤキ,sukiyaki
すずむし,鈴虫,suzumusi
きゃー!,キャー!,kya!
なまはむ,生ハム,namahamu
ちゃいむ,チャイム,tyaimu
さーかす,サーカス,sakasu
きゃべつ,キャベツ,kyabetu
そうじき,掃除機,soziki
あおぞら,青空,aozora
おにぎり,おにぎり,onigiri
ふうりん,風鈴,hurinn
ぼーなす,ボーナス,bonasu
ちきゅう,地球,tikyu
きゃんぷ,キャンプ,kyannpu
はくしゅ,拍手,hakusyu
だいこん,大根,daikonn
しんかい,深海,sinnkai
がっこう,学校,gatko
ふぁいる,ファイル,huairu
くりっく,クリック,kuritku
ちょきん,貯金,chokinn
にわとり,ニワトリ,niwatori
ごーる!,ゴール!,goru!
おまつり,お祭り,omaturi
しゃべる,シャベル,syaberu
すこっぷ,スコップ,sukoppu
はつゆめ,初夢,hatuyume
くっきー,クッキー,kutki
こーひー,コーヒー,kohi
こうちゃ,紅茶,kotya
せんとう,銭湯,sennto
おはなみ,お花見,ohanami
けしごむ,消しゴム,kesigomu
べてらん,べテラン,beterann
かまくら,かまくら,kamakura
たいまー,タイマー,taima
ばんぱー,バンパー,bannpa
ながぐつ,長靴,nagagutu
さっかー,サッカー,satka
すけーと,スケート,suketo
ばってら,バッテラ,battera
ぎちょう,議長,gicho
ねくたい,ネクタイ,nekutai
かぼちゃ,かぼちゃ,kabotya
こくばん,黒板,kokubann
わるぢえ,悪知恵,waruzie
かんけり,缶蹴り,kannkeri
ひめりんご,姫りんご,himerinngo
たまのこし,玉の輿,tamanokosi
おんらいん,オンライン,onnrainn
にほんちず,日本地図,nihonntizu
ちんじゅう,珍獣,tinnju
もらいなき,もらい泣き,morainaki
ほうせんか,ホウセンカ,hosennka
すいさいが,水彩画,suisaiga
かせいじん,火星人,kaseizinn
りこーだー,リコーダー,rikoda
ばいおりん,バイオリン,baiorinn
はーもにか,ハーモニカ,hamonika
すとらっぷ,ストラップ,sutorappu
そりてぃあ,ソリティア,soriteia
もんぶらん,モンブラン,monnburann
かつかれー,カツカレー,katukare
こどものひ,こどもの日,kodomonohi
らっきー!,ラッキー!,ratki!
めんちかつ,メンチカツ,menntikatu
おむらいす,オムライス,omuraisu
えいたんご,英単語,eitanngo
あくせんと,アクセント,akusennto
いいゆだな,いい湯だな,iiyudana
さくらんぼ,さくらんぼ,sakurannbo
にわかあめ,にわか雨,niwakame
らんきんぐ,ランキング,rannkinngu
ちゃーはん,チャーハン,tyahann
くりすます,クリスマス,kurisumasu
ちょうちょ,ちょうちょ,chocho
まよねーず,マヨネーズ,mayonezu
はなふぶき,花吹雪,hanahubuki
しくらめん,シクラメン,sikuramenn
うでどけい,腕時計,udedokei
だいどころ,台所,daidokoro
りこーだー,リコーダー,rikoda
りんごあめ,りんご飴,rinngoame
かれんだー,カレンダー,karennda
ほいっする,ホイッスル,hoituru
さふぁいあ,サファイア,sahuaia
かみねんど,紙粘土,kaminenndo
だいとかい,大都会,daitokai
でりけーと,デリケート,deriketo
すなどけい,砂時計,sunadokei
すとらいぷ,ストライプ,sutoraipu
ふぃるたー,フィルター,huiruta
おままごと,おままごと,omamagoto
はりけーん,ハリケーン,harikenn
ゆきだるま,雪だるま,yukidaruma
すにーかー,スニーカー,sunika
とらくたー,トラクター,torakuta
いやしけい,癒し系,iyasikei
おきにいり,お気に入り,okiniiri
ちへいせん,地平線,tiheisenn
くれーたー,クレーター,kureta
ぎゃらりー,ギャラリー,gyarari
らんどせる,ランドセル,ranndoseru
ひかえしつ,控え室,hikaesitu
てでぃべあ,テディベア,tedeibea
ゆめごこち,夢心地,yumegokoti
しんちょう,身長,sinncho
たいじゅう,体重,taiju
あんけーと,アンケート,annketo
くりすたる,クリスタル,kurisutaru
かんがるー,カンガルー,kanngaru
しゅりけん,手裏剣,syurikenn
ひざこぞう,ひざ小僧,hizakozo
すとれーと,ストレート,sutoreto
ろんぐぱす,ロングパス,ronngupasu
ひょうがき,氷河期,hyogaki
えどばくふ,江戸幕府,edobakuhu
ふるほんや,古本屋,huruhonnya
らふれしあ,ラフレシア,rahuresia
ひなあられ,ひなあられ,hinarare
あめふらし,アメフラシ,amehurasi
あめちゃん,飴ちゃん,ametyann
あらいやだ,アラ嫌だ,araiyada
いいてんき,いい天気,iitennki
いたいです,痛いです,itaidesu
えびふらい,エビフライ,ebihurai
おおもりで,大盛りで,omoride
かうんたー,カウンター,kaunnta
ぎんしゃり,銀シャリ,ginnsyari
しゃったー,シャッター,syatta
しんぶんし,新聞紙,sinnnbunnsi
ずわいがに,ズワイガニ,zuwaigani
たらばがに,タラバガニ,tarabagani
ちゅうとろ,中トロ,chutoro
あめとむち,アメとムチ,ametomuti
たまごやき,玉子焼き,tamagoyaki
めだまやき,目玉焼き,medamayaki
ぶるどっぐ,ブルドッグ,burudotgu
ぼたんえび,ボタン海老,botanebi
ほんきのめ,本気の目,honnkinome
もやしっこ,モヤシっ子,moyasikko
よっぱらい,酔っ払い,yopparai
わたぼこり,綿ボコリ,watabokori
ちらしずし,ちらしズシ,tirasizusi
てまきずし,手巻きズシ,temakizusi
りさいくる,リサイクル,risaikuru
てっかまき,鉄火巻き,tetkamaki
おふさいど,オフサイド,ohusaido
とくもりで,特盛りで,tokumoride
するめいか,スルメイカ,surumeika
こどものひ,こどもの日,kodomonohi
えころじー,エコロジー,ekorozi
えちけっと,エチケット,etiketto
てぃらみす,ティラミス,teiramisu
でざいなー,デザイナー,dezaina
はねぼうき,羽根ボウキ,haneboki
かれんだー,カレンダー,karennda
きーぼーど,キーボード,kibodo
さくらさく,サクラサク,sakurasaku
かたたたき,肩叩き,katatataki
ねったいや,熱帯夜,nettaiya
かっぱまき,カッパ巻き,kappamaki
おやこどん,親子丼,oyakodonn
びりやーど,ビリヤード,biriyado
ぼうりんぐ,ボウリング,borinngu
じせだいき,次世代機,zisedaiki
たいぴんぐ,タイピング,taipinngu
まんほーる,マンホール,mannhoru
ゆうえんち,遊園地,yuennti
どらいやー,ドライヤー,doraiya
わいしゃつ,ワイシャツ,waisyatu
おおそうじ,大掃除,osozi
おーとばい,オートバイ,otobai
こうきあつ,高気圧,kokiatu
じゃんぐる,ジャングル,jannguru
しゃんぱん,シャンパン,syannpann
えいがかん,映画館,eigakann
こんさーと,コンサート,konnsato
ごぜんさま,午前様,gozennsama
もしもし?,もしもし?,mosimosi?
むじんとう,無人島,muzinnto
ごーじゃす,ゴージャス,gojasu
こんにちは,こんにちは,konnnitiha
さようなら,さようなら,sayonara
だいにんき,大人気,daininnki
はつひので,初日の出,hatuhinode
すぴーかー,スピーカー,supika
てぃっしゅ,ティッシュ,teitsyu
えどじだい,江戸時代,edozidai
ちょんまげ,ちょんまげ,chonnmage
こいのぼり,鯉のぼり,koinobori
そーせーじ,ソーセージ,sosezi
きょうだい,兄弟,kyodai
ゆきだるま,雪だるま,yukidaruma
たっきゅう,卓球,tatkyu
かたるしす,カタルシス,katarusisu
さくらもち,さくらもち,sakuramoti
よーぐると,ヨーグルト,yoguruto
しょうかき,消火器,syokaki
ぷろのわざ,プロの技,puronowaza
ぶゆうでん,武勇伝,buyudenn
あるまじろ,アルマジロ,arumaziro
てれびっこ,テレビっ子,terebitko
はろうぃん,ハロウィン,haroinn
ぱんぷきん,パンプキン,pannpukinn
じがじさん,自画自賛,zigazisann
ぺあるっく,ペアルック,pearutku
おぼっちゃま,おぼっちゃま,obottyama
ちゃんぴおん,チャンピオン,tyannpionn
びーちぼーる,ビーチボール,bitiboru
こくごじてん,国語辞典,kokugozitenn
こくはくする,告白する,kokuhakusuru
とどうふけん,都道府県,todohukenn
ちちのいげん,父の威厳,titinoigenn
いぬのさんぽ,犬の散歩,inunosannpo
がんばって!,頑張って!,gannbatte!
ふしぎちゃん,不思議ちゃん,husigityann
しごげんきん,私語厳禁,sigogennkinn
がらむまさら,ガラムマサラ,garamumasara
びしょうねん,美少年,bisyonenn
ほしがきれい,星がきれい,hosigakirei
かうちぽてと,カウチポテト,kautipoteto
あじがうすい,味が薄い,azigausui
いろえんぴつ,色鉛筆,iroennpitu
としょいいん,図書委員,tosyoiinn
おくりばんと,送りバント,okuribannto
ひつじのむれ,羊の群れ,hituzinomure
またあした!,またあした!,matasita!
とらんぺっと,トランペット,torannpetto
くらりねっと,クラリネット,kurarinetto
いまなんじ?,今何時?,imanannzi?
どれすあっぷ,ドレスアップ,doresuappu
かすたねっと,カスタネット,kasutanetto
しきおりおり,四季折々,sikioriori
まんげきょう,万華鏡,manngekyo
たいがどらま,大河ドラマ,taigadorama
あいすある?,アイスある?,aisuaru?
でんしじしょ,電子辞書,dennsizisyo
うっとりする,うっとりする,uttorisuru
ひっぱりだこ,ひっぱりだこ,hipparidako
みちにまよう,道に迷う,mitinimayo
ふるまらそん,フルマラソン,hurumarasonn
かいぎちゅう,会議中,kaigichu
ちきんかれー,チキンカレー,tikinnkare
ねこにこばん,猫に小判,nekonikobann
とおんきごう,ト音記号,tonnkigo
ねみみにみず,寝耳に水,nemiminimizu
こはるびより,小春日和,koharubiyori
ちゅうこしゃ,中古車,chukosya
でんわちょう,電話帳,dennwacho
たいそうふく,体操服,taisohuku
しんりてすと,心理テスト,sinnritesuto
ひらけごま!,ひらけゴマ!,hirakegoma!
あっとまーく,アットマーク,attomaku
よじじゅくご,四字熟語,yozijukugo
てんきよほう,天気予報,tennkiyoho
しんりんよく,森林浴,sinnrinnyoku
べすとひっと,ベストヒット,besutohitto
えくささいず,エクササイズ,ekusasaizu
ひっちはいく,ヒッチハイク,hittihaiku
すいへいせん,水平線,suiheisenn
こっくぴっと,コックピット,kotkupitto
ねみみにみず,寝耳に水,nemiminimizu
きまつてすと,期末テスト,kimatutesuto
ぽてとさらだ,ポテトサラダ,potetosarada
るいじんえん,類人猿,ruizinenn
せんもんてん,専門店,sennmonntenn
だいなまいと,ダイナマイト,dainamaito
からーこぴー,カラーコピー,karakopi
きょうりゅう,恐竜,kyoryu
おってをまく,追っ手をまく,otteomaku
ねいるさろん,ネイルサロン,neirusaronn
まだまだだな,まだまだだな,madamadadana
はつかねずみ,ハツカネズミ,hatukanezumi
ぶろっこりー,ブロッコリー,burotkori
あすぱらがす,アスパラガス,asuparagasu
ばどみんとん,バドミントン,badominntonn
しんはっけん,新発見,sinnhakkenn
いきとうごう,意気投合,ikitogo
あすたりすく,アスタリスク,asutarisuku
ぐらじおらす,グラジオラス,guraziorasu
だぶるぷれー,ダブルプレー,daburupure
ないやあんだ,内野安打,naiyannda
よがのぽーず,ヨガのポーズ,yoganopozu
あきれすけん,アキレス腱,akiresukenn
ふぁんくらぶ,ファンクラブ,huannkurabu
えんでぃんぐ,エンディング,enndeinngu
ぼんじゅーる,ボンジュール,bonnjuru
おこのみやき,お好み焼き,okonomiyaki
もんじゃやき,もんじゃ焼き,monnjayaki
しりめつれつ,支離滅裂,sirimeturetu
あらおくさま,あら奥様,araokusama
いただきます,いただきます,itadakimasu
おいなりさん,おいなりさん,oinarisann
おしんこまき,お新香巻き,osinnkomaki
がちゃがちゃ,ガチャガチャ,gatyagatya
かみがない!,紙がない!,kamiganai!
きゅーちゃん,キューちゃん,kyutyann
くりきんとん,栗きんとん,kurikinntonn
ごちそうさま,ごちそうさま,gotisosama
ごめんなさい,ごめんなさい,gomennnasai
しょうりんじ,少林寺,syorinnzi
しょっぱいよ,しょっぱいヨ,syoppaiyo
すとっきんぐ,ストッキング,sutotkinngu
でぃすぷれい,ディスプレイ,deisupurei
といれどこ?,トイレどこ?,toiredoko?
なんてこった,なんてこった,nanntekotta
まずはびーる,まずはビール,mazuhabiru
ねしょうがつ,寝正月,nesyogatu
こねこちゃん,子猫ちゃん,konekotyann
うせつきんし,右折禁止,usetukinnsi
かいてんずし,回転ずし,kaitennzusi
ひなたぼっこ,ひなたぼっこ,hinatabotko
たいむかーど,タイムカード,taimukado
おーくしょん,オークション,okusyonn
こんぴゅーた,コンピュータ,konnpyuta
たからのちず,宝の地図,takaranotizu
なべぶぎょう,鍋奉行,nabebugyo
ぽっぷこーん,ポップコーン,poppukonn
ととかるちょ,トトカルチョ,totokarucho
けんびきょう,顕微鏡,kennbikyo
ちょこれーと,チョコレート,chokoreto
ふらんすぱん,フランスパン,hurannsu-pa-n
みぎくりっく,右クリック,migikuritku
こあくまてき,小悪魔的,koakumateki
えいきゅうし,永久歯,eikyusi
かおすりろん,カオス理論,kaosurironn
こだいいせき,古代遺跡,kodaiiseki
あんただれ?,あんた誰?,anntadare?
おりんぴっく,オリンピック,orinnpitku
ここはどこ?,ここはどこ?,kokohadoko?
かいすいよく,海水浴,kaisuiyoku
あっぷるぱい,アップルパイ,appurupai
しんかいぎょ,深海魚,sinnkaigyo
ねこじゃらし,猫じゃらし,nekojarasi
いちごじゃむ,イチゴジャム,itigojamu
ろーるけーき,ロールケーキ,rorukeki
せいじんのひ,成人の日,seizinnnohi
げんばあわせ,現場合わせ,gennbawase
うーろんちゃ,ウーロン茶,uronntya
ねったいぎょ,熱帯魚,nettaigyo
たいおんけい,体温計,taionnkei
ちゃわんむし,茶碗蒸し,tyawannmusi
ちょきんばこ,貯金箱,chokinnbako
めからうろこ,目からウロコ,mekarauroko
しゃぼんだま,シャボン玉,syabonndama
ぐんかんまき,軍艦巻き,gunnkannmaki
へりこぷたー,ヘリコプター,herikoputa
えれべーたー,エレベーター,erebeta
あきのよなが,秋の夜長,akinoyonaga
としでんせつ,都市伝説,tosidennsetu
もどりがつお,戻り鰹,modorigatuo
かるぱっちょ,カルパッチョ,karupatcho
こわいはなし,怖い話,kowaihanasi
どうろこうじ,道路工事,dorokozi
だいなみっく,ダイナミック,dainamitku
だいどうげい,大道芸,daidogei
ひっこしそば,引越しそば,hikkosisoba
あすふぁると,アスファルト,asuhuaruto
めろんそーだ,メロンソーダ,meronnsoda
ひのようじん,火の用心,hinoyozinn
おもちかえり,お持ち帰り,omotikaeri
まほうつかい,魔法使い,mahotukai
しゃーべっと,シャーベット,syabetto
やすみじかん,休み時間,yasumizikann
しょしんしゃ,初心者,syosinnsya
どうそうかい,同窓会,dosokai
ちーずけーき,チーズケーキ,tizukeki
ぱいなっぷる,パイナップル,painappuru
じゃあまたね,じゃあまたね,jamatane
じゃんぴんぐ,ジャンピング,jannpinngu
さんだんとび,三段跳び,sanndanntobi
めとろのーむ,メトロノーム,metoronomu
ひとがわるい,人が悪い,hitogawarui
あーてぃすと,アーティスト,ateisuto
りょうかい!,了解!,ryokai!
にんぎょひめ,人魚姫,ninngyohime
ねいるあーと,ネイルアート,neiruato
のらりくらり,のらりくらり,norarikurari
とろんぼーん,トロンボーン,toronnbonn
ぜんはいそげ,善は急げ,zennhaisoge
ころしもんく,殺し文句,korosimonnku
ぷらすしこう,プラス思考,purasusiko
しんりんよく,森林浴,sinnrinnyoku
かーちぇいす,カーチェイス,kacheisu
ろまんちっく,ロマンチック,romanntikku
こはるびより,小春日和,koharubiyori
どろぼうねこ,泥棒猫,doroboneko
てんねんすい,天然水,tennnennsui
かぎがない!,鍵がない!,kagiganai!
あっぷるてぃー,アップルティー,appurutei
ふぉーくでゅお,フォークデュオ,huokudeゅo
ぱうだーすのう,パウダースノウ,paudasuno
せんちめんたる,センチメンタル,senntimenntaru
りゅうとうだび,竜頭蛇尾,ryutodabi
いさんそうぞく,遺産相続,isannsozoku
らじおたいそう,ラジオ体操,raziotaiso
かんぜんじあい,完全試合,kannzennziai
ばうむくーへん,バウムクーヘン,baumukuhenn
じょうもんどき,縄文土器,jomonndoki
ばいうぜんせん,梅雨前線,baiuzennsenn
やまとだましい,大和魂,yamatodamasii
ほくとしちせい,北斗七星,hokutositisei
ほくおうしんわ,北欧神話,hokuosinnwa
まんようしゅう,万葉集,mannyosyu
きえるまきゅう,消える魔球,kierumakyu
まちがいさがし,間違い探し,matigaisagasi
ふくざつかいき,複雑怪奇,hukuzatukaiki
ほわいとぼーど,ホワイトボード,howaitobodo
てれびばんぐみ,テレビ番組,terebibanngumi
おににかなぼう,鬼に金棒,oninikanabo
みくろのせかい,ミクロの世界,mikuronosekai
ぼうはんぶざー,防犯ブザー,bohannbuza
けっこんします,結婚します,kekkonnsimasu
あさのあいさつ,朝のあいさつ,asanoaisatu
ちぇっくもよう,チェック模様,chetkumoyo
しょうひりょう,消費量,syohiryo
れんじでちん!,レンジでチン!,rennzidetinn!
かるすとだいち,カルスト台地,karusutodaiti
はれーすいせい,ハレー彗星,haresuisei
ぜつめつのきき,絶滅の危機,zetumetunokiki
しあいそくほう,試合速報,siaisokuho
しゃこうだんす,社交ダンス,syakodannsu
きょうのにっき,今日の日記,kyononitki
きゅうしょくひ,給食費,kyusyokuhi
さぼてんのはな,サボテンの花,sabotennnohana
そらのおうじゃ,空の王者,soranouja
せんしょくたい,染色体,sennsyokutai
あわいはつこい,淡い初恋,awaihatukoi
しゅいをきーぷ,首位をキープ,syuiokipu
ふぉーくぎたー,フォークギター,huokugita
ぱいぷおるがん,パイプオルガン,paipuorugann
ぼうはんぶざー,防犯ブザー,bohannbuza
こけこっこー!,コケコッコー!,kokekotko!
ねこにまたたび,ねこにマタタビ,nekonimatatabi
ごはんたべた?,ご飯たべた?,gohanntabeta?
りっぷくりーむ,リップクリーム,rippukurimu
はしりたかとび,走り高跳び,hasiritakatobi
めいしこうかん,名刺交換,meisikokann
さるのこしかけ,さるのこしかけ,sarunokosikake
しはつれっしゃ,始発列車,sihaturetsya
むぎわらぼうし,麦わら帽子,mugiwarabosi
ぴったりさいず,ぴったりサイズ,pittarisaizu
はくしにもどす,白紙に戻す,hakusinimodosu
きゅうてんかい,急展開,kyutennkai
ばいうぜんせん,梅雨前線,baiuzennsenn
ざんねんしょう,残念賞,zannnennsyo
しょーとけーき,ショートケーキ,syotokeki
ぺぺろんちーの,ぺペロンチーノ,peperonntino
ぶろっくくずし,ブロック崩し,burokkukuzusi
ばるーんあーと,バルーンアート,barunato
まっしろなゆき,真っ白な雪,massironayuki
たいないどけい,体内時計,tainaidokei
いしんでんしん,以心伝心,isinndennsinn
めざましどけい,目覚まし時計,mezamasidokei
ぎむきょういく,義務教育,gimukyoiku
くもりのちはれ,曇りのち晴れ,kumorinotihare
ねーむぷれーと,ネームプレート,nemupureto
なないろのにじ,七色の虹,nanairononizi
まちうけがめん,待ち受け画面,matiukegamenn
にんきたれんと,人気タレント,ninnkitarennto
さっかーごーる,サッカーゴール,satkagoru
おはだつるつる,お肌つるつる,ohadaturuturu
ぬきうちけんさ,抜き打ち検査,nukiutikennsa
どんでんがえし,どんでん返し,donndenngaesi
えんぴつけずり,鉛筆削り,ennnpitukezuri
さんじのおやつ,三時のおやつ,sannzinoyatu
ろっかーるーむ,ロッカールーム,rotkarumu
おはなみいこう,お花見行こう,ohanamiiko
ろじょうらいぶ,路上ライブ,rojoraibu
きぶんそうかい,気分爽快,kibunnsokai
ぐーちょきぱー,グーチョキパー,guchokipa
けんしゅうかい,研修会,kennsyukai
たっきゅうびん,宅急便,tatkyubinn
じぐそーぱずる,ジグソーパズル,zigusopazuru
ろんぐすかーと,ロングスカート,ronngusukato
いんふるえんざ,インフルエンザ,innhuruennza
まろんくりーむ,マロンクリーム,maronnkurimu
またあうひまで,また会う日まで,matauhimade
かまくらばくふ,鎌倉幕府,kamakurabakuhu
たけやぶやけた,竹やぶ焼けた,takeyabuyaketa
しょううちゅう,小宇宙,syouchu
せきゆすとーぶ,石油ストーブ,sekiyusutobu
せろはんてーぷ,セロハンテープ,serohanntepu
しつもんじこう,質問事項,situmonnziko
はげしいらいう,激しい雷雨,hagesiiraiu
きゃっちこぴー,キャッチコピー,kyattikopi
くーりんぐおふ,クーリングオフ,kurinnguohu
のーとぱそこん,ノートパソコン,notopasokonn
めじゃーりーぐ,メジャーリーグ,mejarigu
せんぼんのっく,千本ノック,sennbonnnotku
めーるふぉーむ,メールフォーム,meruhuomu
ぷらねたりうむ,プラネタリウム,puranetariumu
あにめーしょん,アニメーション,animesyonn
いつものやつね,いつものやつね,itumonoyatune
おきなわいこう,沖縄行こう,okinawaiko
おしおください,お塩ください,osiokudasai
ぐきっていった,グキッていった,gukitteitta
さいふおとした,財布落とした,saihuotosita
さつえいきんし,撮影禁止,satueikinnsi
しなばもろとも,死なばもろとも,sinabamorotomo
せんたくびより,洗濯びより,senntakubiyori
たいむさーびす,タイムサービス,taimusabisu
たけやぶやけた,竹ヤブ焼けた,takeyabuyaketa
なんてったって,何てったって,nanntettatte
ばっどちょいす,バッドチョイス,batdochoisu
ばっぽんてきな,抜本的な,bapponntekina
ひよこぴよぴよ,ヒヨコピヨピヨ,hiyokopiyopiyo
ぶらっくほーる,ブラックホール,buratkuhoru
ぽきっておれた,ポキッて折れた,pokitteoreta
めつぶしきんし,目潰し禁止,metubusikinnsi
いんたーねっと,インターネット,inntanetto
わさびいれすぎ,ワサビ入れすぎ,wasabiiresugi
こさじいっぱい,小さじ一杯,kosaziippai
にほんのこころ,日本の心,nihonnnokokoro
ひっこしました,引っ越しました,hikkosimasita
でじたるかめら,デジタルカメラ,dezitarukamera
だぶるくりっく,ダブルクリック,daburukuritku
ほいーるまうす,ホイールマウス,hoirumausu
けいたいでんわ,携帯電話,keitaidennwa
まつたけごはん,マツタケご飯,matutakegohann
はいすいのじん,背水の陣,haisuinozinn
しらぬがほとけ,知らぬが仏,siranugahotoke
じごくにほとけ,地獄に仏,zigokunihotoke
しょうみきげん,賞味期限,syomikigenn
ひだりくりっく,左クリック,hidarikuritku
ぶろーどばんど,ブロードバンド,burodobanndo
しゅんぶんのひ,春分の日,syunnbunnnohi
まいなすいおん,マイナスイオン,mainasuionn
かっぷらーめん,カップラーメン,kappuramenn
にっしんげっぽ,日進月歩,nissinngeppo
のるまたっせい,ノルマ達成,norumatatsei
おうさまげーむ,王様ゲーム,osamagemu
らんちめにゅー,ランチメニュー,ranntimennyu
めーるまがじん,メールマガジン,merumagazinn
めいしこうかん,名刺交換,meisikokann
ばーげんせーる,バーゲンセール,bagennseru
あろまてらぴー,アロマテラピー,aromaterapi
にちようだいく,日曜大工,nitiyodaiku
しょーとかっと,ショートカット,syotokatto
ぬきうちてすと,抜き打ちテスト,nukiutitesuto
らーめんらいす,ラーメンライス,ramennraisu
はっぴーえんど,ハッピーエンド,happienndo
ねんまつねんし,年末年始,nennnmatunennsi
はなよりだんご,花より団子,hanayoridanngo
にゅうがくしき,入学式,nyugakusiki
そつぎょうしき,卒業式,sotugyosiki
なんだって!?,なんだって!?,nanndatte!?
そんなばかな!,そんなバカな!,sonnnabakana!
おたまじゃくし,おたまじゃくし,otamajakusi
ねちがえました,寝違えました,netigaemasita
いそぎんちゃく,イソギンチャク,isoginntyaku
おんそくのかべ,音速の壁,onnsokunokabe
じゃんけんぽん,じゃんけんポン,jannkennponn
おとこのろまん,男のロマン,otokonoromann
せいざうらない,星座占い,seizauranai
めらにんしきそ,メラニン色素,meraninnsikiso
ぱいぷおるがん,パイプオルガン,paipuorugann
ろーるきゃべつ,ロールキャベツ,rorukyabetu
らじおたいそう,ラジオ体操,raziotaiso
えすかれーたー,エスカレーター,esukareta
ろけっとぱんち,ロケットパンチ,rokettopannti
しちめんちょう,七面鳥,sitimenncho
もーたーぼーと,モーターボート,motaboto
かていさいえん,家庭菜園,kateisaienn
たいむましーん,タイムマシーン,taimumasinn
つぶらなひとみ,つぶらな瞳,tuburanahitomi
ちょうだのれつ,長蛇の列,chodanoretu
せんこうはなび,線香花火,sennkohanabi
はーどでぃすく,ハードディスク,hadodeisuku
そつぎょうしき,卒業式,sotugyosiki
にゅうがくしき,入学式,nyugakusiki
めーるあどれす,メールアドレス,meruadoresu
くりにそっくり,栗にそっくり,kurinisotkuri
いちごだいふく,イチゴ大福,itigodaihuku
ながしそうめん,流しそうめん,nagasisomenn
ろっこつおれた,肋骨折れた,rokkotuoreta
はんどるねーむ,ハンドルネーム,hanndorunemu
すけっちぶっく,スケッチブック,sukettibukku
らっしゅあわー,ラッシュアワー,ratsyuawa
ねるこはそだつ,寝る子は育つ,nerukohasodatu
へそだしるっく,ヘソ出しルック,hesodasirukku
げんきだった?,元気だった?,gennkidatta?
はなげでてるよ,鼻毛でてるよ,hanagedeteruyo
なんでだろう?,なんでだろう?,nanndedaro?
みりおんせらー,ミリオンセラー,mirionnsera
しゅーくりーむ,シュークリーム,syukurimu
かていさいえん,家庭菜園,kateisaienn
しょくいんしつ,職員室,syokuinnsitu
りかのじっけん,理科の実験,rikanozikkenn
こくごのてすと,国語のテスト,kokugonotesuto
けんけつしよう,献血しよう,kennketusiyo
いんがおうほう,因果応報,inngaoho
いそがばまわれ,急がば廻れ,isogabamaware
ひはまたのぼる,陽はまた昇る,hihamatanoboru
たつのおとしご,タツノオトシゴ,tatunotosigo
えっふぇるとう,エッフェル塔,ethueruto
ちゅーいんがむ,チューインガム,chuinngamu
おうさまげーむ,王様ゲーム,osamagemu
わーるどかっぷ,ワールドカップ,warudokappu
まめでんきゅう,豆電球,mamedennkyu
つきとすっぽん,月とすっぽん,tukitosupponn
ゆうやけこやけ,夕焼け小焼け,yuyakekoyake
のみのしんぞう,ノミの心臓,nominosinnzo
いしんでんしん,以心伝心,isinndennsinn
すぽっとらいと,スポットライト,supottoraito
なむあみだぶつ,南無阿弥陀仏,namuamidabutu
てんくうのしろ,天空の城,tennkunosiro
おおきいちわわ,大きいチワワ,okiitiwawa
まろんぐらっせ,マロングラッセ,maronnguratse
しんじつのくち,真実の口,sinnzitunokuti
まよえるこひつじ,迷える子羊,mayoerukohituzi
さんちちょくそう,産地直送,sanntichokuso
ぜんせききんえん,全席禁煙,zennsekikinenn
きしょうてんけつ,起承転結,kisyotennketu
ごうこんしようよ,合コンしようよ,gokonnsiyoyo
とうようのまじょ,東洋の魔女,toyonomajo
びじょとやじゅう,美女と野獣,bijotoyaju
きょうだいげんか,兄弟げんか,kyodaigennka
しんたいそくてい,身体測定,sinntaisokutei
ひゃくまんぼると,百万ボルト,hyakumannboruto
あせろらかじゅう,アセロラ果汁,aserorakaju
おれじゃないって,俺じゃないって,orejanaitte
りょうさいけんぼ,良妻賢母,ryosaikennbo
にんじんはきらい,ニンジンは嫌い,ninnzinnhakirai
ちゃぶだいがえし,ちゃぶ台返し,tyabudaigaesi
わーぷろけんてい,ワープロ検定,wapurokenntei
いちげきひっさつ,一撃必殺,itigekihitsatu
てんごくとじごく,天国と地獄,tenngokutozigoku
ぼでぃらんげーじ,ボディランゲージ,bodeiranngezi
どらごんふるーつ,ドラゴンフルーツ,doragonnhurutu
しんれいすぽっと,心霊スポット,sinnreisupotto
わすれものない?,忘れ物ない?,wasuremononai?
かるしうむぶそく,カルシウム不足,karusiumubusoku
うーぱーるーぱー,ウーパールーパー,uparupa
ことりのさえずり,小鳥のさえずり,kotorinosaezuri
ぼっしゅうします,没収します,botsyusimasu
げんきいっぱい!,元気いっぱい!,gennkiippai!
おはだにやさしい,お肌に優しい,ohadaniyasasii
いけばながしゅみ,生け花が趣味,ikebanagasyumi
しんぴんのつくえ,新品の机,sinnnpinnnotukue
でみぐらすそーす,デミグラスソース,demigurasusosu
どうぶつのふしぎ,動物の不思議,dobutunohusigi
あたたかいひざし,あたたかい日差し,atatakaihizasi
でんげきけっこん,電撃結婚,denngekiketkonn
おもしろはんぶん,面白半分,omosirohannnbunn
いがいないちめん,意外な一面,igainaitimenn
わかてのるーきー,若手のルーキー,wakatenoruki
けんとうをいのる,健闘を祈る,kenntooinoru
ひっこしびんぼう,引越し貧乏,hikkosibinnnbo
がんばれにっぽん,頑張れニッポン,gannbarenipponn
ぴんぽんだっしゅ,ピンポンダッシュ,pinnponndatsyu
ゆびきりげんまん,ゆびきりげんまん,yubikirigennmann
ししゃものたまご,ししゃもの卵,sisyamonotamago
からしめんたいこ,からしめんたいこ,karasimenntaiko
はっしゅどびーふ,ハッシュドビーフ,hatsyudobihu
ぶらっくこーひー,ブラックコーヒー,buratkukohi
せいけんこうたい,政権交代,seikennkotai
ここだけのはなし,ここだけの話,kokodakenohanasi
きんしゅきんえん,禁酒禁煙,kinnsyukinenn
いまがちゃんす!,今がチャンス!,imagatyannsu!
ぜんげんてっかい,前言撤回,zenngenntetkai
わたしはめがねは,私はメガネ派,watasihameganeha
おりかえしちてん,折り返し地点,orikaesititenn
ぼうさいくんれん,防災訓練,bosaikunnrenn
ほしのおうじさま,星の王子様,hosinouzisama
ふんだりけったり,踏んだり蹴ったり,hunndarikettari
ときすでにおそし,時すでに遅し,tokisudeniososi
あるひのできごと,ある日の出来事,aruhinodekigoto
ちゃーしゅーめん,チャーシューメン,tyasyumenn
しゃちょうひしょ,社長秘書,syachohisyo
にゅーすそくほう,ニュース速報,nyususokuho
ぼんごれびあんこ,ボンゴレビアンコ,bonngorebiannko
えいぷりるふーる,エイプリルフール,eipuriruhuru
やきとうもろこし,焼きとうもろこし,yakitomorokosi
かくやすぶっけん,格安物件,kakuyasubutkenn
てれびのりもこん,テレビのリモコン,terebinorimokonn
あいさいべんとう,愛妻弁当,aisaibennto
ぶらっくぺっぱー,ブラックペッパー,buratkupeppa
さくらまうきせつ,桜舞う季節,sakuramaukisetu
だいれくとめーる,ダイレクトメール,dairekutomeru
くうきがおいしい,空気がおいしい,kukigaoisii
さんかくじょうぎ,三角定規,sannkakujogi
きしょうよほうし,気象予報士,kisyoyohosi
いっせきにちょう,一石二鳥,itsekinicho
こーんぽたーじゅ,コーンポタージュ,konnpotaju
もぎたてふるーつ,もぎたてフルーツ,mogitatehurutu
かいぎしつのかぎ,会議室の鍵,kaigisitunokagi
とうきょうちさい,東京地裁,tokyotisai
ねっけつきょうし,熱血教師,nekketukyosi
ぐれーぷふるーつ,グレープフルーツ,gurepuhurutu
さくらのはなびら,桜の花びら,sakuranohanabira
ちゅうかんてすと,中間テスト,chukanntesuto
とうめいにんげん,透明人間,tomeininngenn
あんごうかいどく,暗号解読,anngokaidoku
にほんだいひょう,日本代表,nihonndaihyo
しふくのひととき,至福のひととき,sihukunohitotoki
りくるーとすーつ,リクルートスーツ,rikurutosutu
こうかせいしょう,校歌斉唱,kokaseisyo
しょうきんかせぎ,賞金稼ぎ,syokinnkasegi
いいおあじですね,いいお味ですね,iioazidesune
じゅくれんのわざ,熟練の技,jukurennnowaza
ちゅうしゃじょう,駐車場,chusyajo
しゃしんさつえい,写真撮影,syasinnsatuei
だちょうのたまご,ダチョウの卵,dachonotamago
ぜんこくたいかい,全国大会,zennkokutaikai
さんきんこうたい,参勤交代,sannkinnkotai
ひっとえんどらん,ヒットエンドラン,hittoenndorann
げんだいしゃかい,現代社会,genndaisyakai
きしょうえいせい,気象衛星,kisyoeisei
べーすらんにんぐ,ベースランニング,besurannninngu
やきゅうひとすじ,野球一筋,yakyuuhitosuzi
てんたいかんそく,天体観測,tenntaikannsoku
せいようたんぽぽ,西洋タンポポ,seiyotannpopo
ひっしょうきがん,必勝祈願,hitsyokigann
うちゅうせいふく,宇宙征服,uchuseihuku
うちゅうゆうえい,宇宙遊泳,uchuyuei
せいとかいちょう,生徒会長,seitokaicho
いたくしないでね,痛くしないでね,itakusinaidene
いちえんひろった,一円拾った,itiennhirotta
うそでもいいから,嘘でもいいから,usodemoiikara
えびでたいをつる,エビでタイを釣る,ebidetaioturu
おおさじいっぱい,大さじ一杯,osaziippai
おさきにしつれい,お先に失礼,osakinisiturei
ことぶきたいしゃ,寿退社,kotobukitaisya
このきなんのき?,この木何の木?,konokinannnoki?
しんれいしゃしん,心霊写真,sinnreisyasinn
すなっぷきかせて,スナップ効かせて,sunappukikasete
ちょっとまった!,ちょっと待った!,chottomatta!
つぎはにほんしゅ,次は日本酒,tugihanihonnsyu
でぱーとでまいご,デパートで迷子,depatodemaigo
でんきゅうきれた,電球切れた,dennkyukireta
ねぼうでけびょう,寝坊で仮病,nebodekebyo
ばすがすばくはつ,バスガス爆発,basugasubakuhatu
ぴらみっどぱわー,ピラミッドパワー,piramitdopawa
ぷりんあらもーど,プリンアラモード,purinaramodo
もってけどろぼー,持ってけドロボー,mottekedorobo
もよりえきはちば,最寄駅は千葉,moyoriekihatiba
らくらいちゅうい,落雷注意,rakuraichui
たましいのさけび,魂の叫び,tamasiinosakebi
いちえんたりない,一円足りない,itienntarinai
たっちたいぴんぐ,タッチタイピング,tattitaipinngu
みすてりーつあー,ミステリーツアー,misuteritua
けいりょうかっぷ,計量カップ,keiryokappu
おしょうゆとって,お醤油とって,osyoyutotte
こうぎょうちたい,工業地帯,kogyotitai
しんこんりょこう,新婚旅行,sinnkonnryoko
ねっとさーふぃん,ネットサーフィン,nettosahuinn
こんびにべんとう,コンビニ弁当,konnbinibennto
ちんしてたべてね,チンして食べてね,tinnsitetabetene
いっぴきおおかみ,一匹狼,ippikiokami
きっくぼくしんぐ,キックボクシング,kikkubokusinngu
こんちゅうずかん,昆虫図鑑,konnchuzukann
げんちちょうたつ,現地調達,genntichotatu
きせつのでざーと,季節のデザート,kisetunodezato
ふりーまーけっと,フリーマーケット,hurimaketto
しんかいのしんぴ,深海の神秘,sinnkainosinnnpi
しゃーぷぺんしる,シャープペンシル,syapupennsiru
びんぼうひまなし,貧乏暇なし,binnnbohimanasi
たなからぼたもち,棚からぼた餅,tanakarabotamoti
しょちゅうみまい,暑中見舞い,syochumimai
あふれでるちせい,あふれ出る知性,ahurederutisei
こいんらんどりー,コインランドリー,koinnranndori
ばーすでーけーき,バースデーケーキ,basudekeki
めりーくりすます,メリークリスマス,merikurisumasu
ひかりふぁいばー,光ファイバー,hikarihuaiba
しろながすくじら,シロナガスクジラ,sironagasukuzira
しゅのーけりんぐ,シュノーケリング,syunokerinngu
すかいだいびんぐ,スカイダイビング,sukaidaibinngu
けんさくえんじん,検索エンジン,kennsakuennzinn
しょちゅうみまい,暑中見舞い,syochumimai
しみゅれーしょん,シミュレーション,sinnyuresyonn
ほーむぽじしょん,ホームポジション,homupozisyonn
ゆうじゅうふだん,優柔不断,yujuhudann
じんたいのしくみ,人体のしくみ,zinntainosikumi
こーひーぶれいく,コーヒーブレイク,kohibureiku
ごうかきゃくせん,豪華客船,gokakyakusenn
つうきんかいそく,通勤快速,tukinnkaisoku
あんぜんだいいち,安全第一,annzenndaiiti
もうけんちゅうい,猛犬注意,mokennchui
いわしのかんづめ,イワシの缶詰,iwasinokannzume
ばんじーじゃんぷ,バンジージャンプ,bannzijannnpu
すとっぷうぉっち,ストップウォッチ,sutoppuotti
かいちゅうどけい,懐中時計,kaichudokei
せいいをみせます,誠意を見せます,seiiomisemasu
じぇっとふんしゃ,ジェット噴射,ziettohunnsya
はわいあんぶるー,ハワイアンブルー,hawaiannburu
ふざいちゃくしん,不在着信,huzaityakusinn
ちゅうしゃこわい,注射怖い,chusyakowai
えんげるけいすう,エンゲル係数,enngerukeisu
じんせいいろいろ,人生色々,zinnseiiroiro
ろんよりしょうこ,論より証拠,ronnyorisyoko
あんたにほれた!,あんたに惚れた!,anntanihoreta!
したかんじゃった,舌噛んじゃった,sitakannjatta
けーきはべつばら,ケーキは別腹,kekihabetubara
ぜったいおんかん,絶対音感,zettaionnkann
きんだんのかじつ,禁断の果実,kinndannnokazitu
ありばいこうさく,アリバイ工作,aribaikosaku
こうえんでびゅー,公園デビュー,koenndebyu
きょうのうらない,今日の占い,kyonoranai
てもあしもでない,手も足も出ない,temoasimodenai
ほいっぷくりーむ,ホイップクリーム,hoippukurimu
ぜっせいのびじょ,絶世の美女,zetseinobijo
あなあきくつした,穴あき靴下,anakikutusita
こういんやのごとし,光陰矢の如し,koinnyanogotosi
じゃいあんとぱんだ,ジャイアントパンダ,jaianntopannda
ここほれ、わんわん,ここ掘れ、ワンワン,kokohore、wannwann
でぃすこふぃーばー,ディスコフィーバー,deisukohuiba
あっちむいてほい!,あっちむいてホイ!,attimuitehoi!
そつぎょうりょこう,卒業旅行,sotugyoryoko
きたいしてそんした,期待して損した,kitaisitesonnsita
とくめいきぼうさん,匿名希望さん,tokumeikibosann
こらーげんはいごう,コラーゲン配合,koragennhaigo
ちょっときゅうけい,ちょっと休憩,chottokyukei
こっぷわっちゃった,コップ割っちゃった,koppuwattyatta
きょうもまけました,今日も負けました,kyomomakemasita
てぃっしゅとって!,ティッシュ取って!,teitsyutotte!
れいとうしょくひん,冷凍食品,reitosyokuhinn
あなたにひとめぼれ,あなたに一目ぼれ,anatanihitomebore
このゆびとーまれ!,この指とーまれ!,konoyubitomare!
くもゆきがあやしい,雲行きが怪しい,kumoyukigayasii
たびにでたいきぶん,旅に出たい気分,tabinidetaikibunn
みちのせいめいたい,未知の生命体,mitinoseimeitai
しょうわのうたひめ,昭和の歌姫,syowanotahime
あかいちゅーりっぷ,赤いチューリップ,akaichurippu
さいこうしんきろく,最高新記録,saikosinnkiroku
せんせいのくちぐせ,先生の口癖,sennseinokutiguse
けいたいすとらっぷ,携帯ストラップ,keitaisutorappu
おくまんちょうじゃ,億万長者,okumannchoja
あんですさんみゃく,アンデス山脈,anndesusannmyaku
しんちくまんしょん,新築マンション,sinntikumannsyonn
えねるぎーせつやく,エネルギー節約,enerugisetuyaku
ゆーらしあたいりく,ユーラシア大陸,yurasiatairiku
ゆうさんそうんどう,有酸素運動,yusannsonndo
ぷろふぇっしょなる,プロフェッショナル,purohuetsyonaru
あめりかんこーひー,アメリカンコーヒー,amerikannkohi
えんようぎょぎょう,遠洋漁業,ennyogyogyo
ごうかくはっぴょう,合格発表,gokakuhatpyo
にかいからめぐすり,二階から目薬,nikaikaramegusuri
さんぎょうかくめい,産業革命,sanngyokakumei
ごーやちゃんぷるー,ゴーヤチャンプルー,goyatyannnpuru
おんをあだでかえす,恩を仇で返す,onoadadekaesu
じんかいせんじゅつ,人海戦術,zinnkaisennjutu
ばくはつてきにんき,爆発的人気,bakuhatutekininnki
ふぃぎゅあすけーと,フィギュアスケート,huigyuasuketo
もっこうようぼんど,木工用ボンド,motkoyobonndo
くうちゅうぶんかい,空中分解,kuchubunnkai
にんきてーまぱーく,人気テーマパーク,ninnkitemapaku
さるもきからおちる,サルも木から落ちる,sarumokikaraotiru
せんこうししゃかい,先行試写会,sennkosisyakai
ないすたいみんぐ!,ナイスタイミング!,naisutaiminngu!
はっぴーばーすでー,ハッピーバースデー,happibasude
せきららなこくはく,赤裸々な告白,sekiraranakokuhaku
あたってくだけろ!,当たって砕けろ!,atattekudakero!
あんしょうばんごう,暗証番号,annsyobanngo
かいちゅうでんとう,懐中電灯,kaichudennto
いまなんじですか?,今何時ですか?,imanannzidesuka?
きょうはいいてんき,今日はいい天気,kyohaiitennki
がっきゅうつうしん,学級通信,gakkyutusinn
ふぃぎゅあすけーと,フィギュアスケート,huigyuasuketo
かえるのこはかえる,カエルの子はカエル,kaerunokohakaeru
じゅけんべんきょう,受験勉強,jukennbennkyo
すたじあむかんせん,スタジアム観戦,sutaziamukannsenn
ぷれぜんてーしょん,プレゼンテーション,purezenntesyonn
ひっこしのじゅんび,引っ越しの準備,hikkosinojunnnbi
たいせつなしょるい,大切な書類,taisetunasyorui
こんやのみにいこう,今夜飲みに行こう,konnyanominiiko
あさがおのかんさつ,朝顔の観察,asagaonokannsatu
かすたまーさーびす,カスタマーサービス,kasutamasabisu
ちちしぼりたいけん,乳搾り体験,titisiboritaikenn
しゃったーちゃんす,シャッターチャンス,syattatyannsu
せんごくだいみょう,戦国大名,senngokudainnyo
どれみふぁそらしど,ドレミファソラシド,doremihuasorasido
えいかいわれっすん,英会話レッスン,eikaiwaretunn
はいびじょんてれび,ハイビジョンテレビ,haibijonnterebi
ごろねするははおや,ごろ寝する母親,goronesuruhahaoya
へいきんじゅみょう,平均寿命,heikinnjunnyo
ああいえばこういう,ああ言えばこう言う,aiebakoiu
よくおよみください,よくお読みください,yokuoyomikudasai
ろじょうあんけーと,路上アンケート,rojoannketo
ちょうりしめんきょ,調理師免許,chorisimennkyo
ねったいていきあつ,熱帯低気圧,nettaiteikiatu
うつくしいにほんご,美しい日本語,utukusiinihonngo
おだいかんさまこそ,お代官様こそ,odaikannsamakoso
きょうもごぜんさま,今日も午前様,kyomogozennsama
わふうどれっしんぐ,和風ドレッシング,wahudoressinngu
じゅうえんください,十円下さい,juennkudasai
じょうだんじゃない,冗談じゃない,jodannjanai
すぺしゃるぷらいす,スペシャルプライス,supesyarupuraisu
それがいけなかった,それがいけなかった,soregaikenakatta
だいこんもってって,大根持ってって,daikonnmottette
たましいのいちげき,魂の一撃,tamasiinoitigeki
こねこのにくきゅう,子猫の肉球,konekononikukyu
にくはみでぃあむで,肉はミディアムで,nikuhamideiamude
ふぁんくしょんきー,ファンクションキー,huannkusyonnki
ほんじつのおすすめ,本日のオススメ,honnzitunosusume
みょうにいろっぽい,妙に色っぽい,myoniiroppoi
めだかのきょうだい,メダカの兄弟,medakanokyodai
めんてなんすふりー,メンテナンスフリー,menntenannsuhuri
ばいおてくのろじー,バイオテクノロジー,baiotekunorozi
かえるぴょこぴょこ,カエルぴょこぴょこ,kaerupyokopyoko
さーびすざんぎょう,サービス残業,sabisuzanngyo
おんなのゆうじょう,女の友情,onnnanoyujo
かんようしょくぶつ,観葉植物,kannyosyokubutu
ほんじつのでぃなー,本日のディナー,honnzitunodeina
こみゅにけーしょん,コミュニケーション,konnyunikesyonn
えんぜるふぃっしゅ,エンゼルフィッシュ,ennzeruhuitsyu
ちょこれーとぱふぇ,チョコレートパフェ,chokoretopahue
ふるもでるちぇんじ,フルモデルチェンジ,hurumoderuchennzi
はんかくえいすうじ,半角英数字,hannkakueisuzi
すぺしゃるさんくす,スペシャルサンクス,supesyarusannkusu
ゆうきゅうきゅうか,有給休暇,yukyukyuka
からくりにんぎょう,カラクリ人形,karakurininngyo
でんきをたいせつに,電気を大切に,dennkiotaisetuni
ふるーつのおうさま,フルーツの王様,hurutunousama
ろうかははしらない,廊下は走らない,rokahahasiranai
ねっとうしょうどく,熱湯消毒,nettosyodoku
りゅうぐうのつかい,リュウグウノツカイ,ryugunotukai
なんきょくたいりく,南極大陸,nannkyokutairiku
まんてんのほしぞら,満天の星空,manntennnohosizora
あしがしびれました,足がしびれました,asigasibiremasita
しゅくだいわすれた,宿題忘れた,syukudaiwasureta
しゃかいのはぐるま,社会の歯車,syakainohaguruma
あさりのおみそしる,アサリのお味噌汁,asarinomisosiru
しんにゅうしゃいん,新入社員,sinnnyusyainn
ちょこれーとけーき,チョコレートケーキ,chokoretokeki
みねらるうぉーたー,ミネラルウォーター,mineraruota
ちゃくしんばんごう,着信番号,tyakusinnnbanngo
しゅうだんとうこう,集団登校,syudanntoko
ふろっぴーでぃすく,フロッピーディスク,huroppideisuku
しゅうごうしゃしん,集合写真,syugosyasinn
けっこんおめでとう,結婚おめでとう,ketkonomedeto
ひにあぶらをそそぐ,火に油を注ぐ,hiniaburaososogu
そうたいせいりろん,相対性理論,sotaiseirironn
いんすぴれーしょん,インスピレーション,innsupiresyonn
いぬようしゃんぷー,犬用シャンプー,inuyosyannpu
かしきりろてんぶろ,貸切露天風呂,kasikirirotennnburo
ぽけっとてぃっしゅ,ポケットティッシュ,pokettoteitsyu
ぷれぜんてーしょん,プレゼンテーション,purezenntesyonn
ありのすのかんさつ,アリの巣の観察,arinosunokannsatu
ふぁっしょんざっし,ファッション雑誌,huatsyonnzassi
じぇっとこーすたー,ジェットコースター,ziettokosuta
ごーるでんうぃーく,ゴールデンウィーク,gorudenuiku
きゃんぷふぁいやー,キャンプファイヤー,kyannnpuhuaiya
ぱんくいきょうそう,パン食い競争,pannkuikyoso
じてんしゃつうがく,自転車通学,zitennsyatugaku
しゅうがくりょこう,修学旅行,syugakuryoko
ふうりょくはつでん,風力発電,huryokuhatudenn
そつぎょうしゃしん,卒業写真,sotugyosyasinn
くうきせいじょうき,空気清浄機,kukiseijoki
ちゃれんじせいしん,チャレンジ精神,tyarennziseisinn
はっこうだいおーど,発光ダイオード,hatkodaiodo
ちんたいまんしょん,賃貸マンション,tinntaimannsyonn
やきゅうちゅうけい,野球中継,yakyuchukei
えーすすとらいかー,エースストライカー,esusutoraika
すぺしゃるさんくす,スペシャルサンクス,supesyarusannkusu
かんぜんねんしょう,完全燃焼,kannzennnennsyo
いそっぷものがたり,イソップ物語,isoppumonogatari
きみならできるさ!,君ならできるさ!,kiminaradekirusa!
くうちゅうぶらんこ,空中ブランコ,kuchuburannko
にほんこくけんぽう,日本国憲法,nihonnkokukennpo
しゅうちゅうごうう,集中豪雨,syuchugou
きょうがくのじじつ,驚愕の事実,kyogakunozizitu
すとれすかいしょう,ストレス解消,sutoresukaisyo
ぷろふぇっしょなる,プロフェッショナル,purohuetsyonaru
はんぐりーせいしん,ハングリー精神,hannguriseisinn
のーひっとのーらん,ノーヒットノーラン,nohittonorann
ほほえみのきこうし,微笑みの貴公子,hohoeminokikosi
まいごのごあんない,迷子のご案内,maigonogoannnai
おつかれさまでした,お疲れ様でした,otukaresamadesita
たいりょくそくてい,体力測定,tairyokusokutei
いんたーなしょなる,インターナショナル,inntanasyonaru
むちこくむけっせき,無遅刻無欠席,mutikokumuketseki
てぃっしゅぺーぱー,ティッシュペーパー,teitsyupepa
ぎゅうにゅうふいた,牛乳吹いた,gyunnyuhuita
きょうはもうねます,今日はもう寝ます,kyohamonemasu
しゃったーちゃんす,シャッターチャンス,syattatyannsu
ふるもでるちぇんじ,フルモデルチェンジ,hurumoderuchennzi
せまりくるきょうふ,迫りくる恐怖,semarikurukyohu
おーぷんきゃんぱす,オープンキャンパス,opunnkyannpasu
きゃんぷふぁいやー,キャンプファイヤー,kyannnpuhuaiya
はろうぃんぱーてぃー,ハロウィンパーティー,haroinnpatei
かいじょうじえいたい,海上自衛隊,kaijozieitai
うわっ!なんだこれ?,うわっ!何だこれ?,uwaっ!nanndakore?
だっしゅつせいこう!,脱出成功!,datsyutuseiko!
うのうをきたえよう!,右脳を鍛えよう!,unookitaeyo!
にまいどうじりりーす,二枚同時リリース,nimaidoziririsu
ほしのないよるのそら,星のない夜の空,hosinonaiyorunosora
どらまちっくなであい,ドラマチックな出会い,doramatikkunadeai
ぷんぷんおこったぞ!,ぷんぷん怒ったぞ!,punnpunokottazo!
おじょうさまがっこう,お嬢様学校,ojosamagatko
どこさへきさえんさん,ドコサヘキサエン酸,dokosahekisaennsann
すきゅーばだいびんぐ,スキューバダイビング,sukyubadaibinngu
おあそびはここまでだ,お遊びはここまでだ,oasobihakokomadeda
たばこがやめられない,タバコがやめられない,tabakogayamerarenai
おきにいりにとうろく,お気に入りに登録,okiniirinitoroku
ろうどうきじゅんほう,労働基準法,rodokijunnho
ふぁっくすそうしん!,ファックス送信!,huakkususosinn!
いつみてもきれいだね,いつ見てもきれいだね,itumitemokireidane
しんじゅのねっくれす,真珠のネックレス,sinnjunonekkuresu
じんせいのぶんきてん,人生の分岐点,zinnseinobunnkitenn
ししざりゅうせいぐん,獅子座流星群,sisizaryuseigunn
おはなみのばしょとり,お花見の場所取り,ohanaminobasyotori
せきゆふぁんひーたー,石油ファンヒーター,sekiyuhuannhita
しんでれらすとーりー,シンデレラストーリー,sinndererasutori
すがおはみせられない,素顔は見せられない,sugaohamiserarenai
じょうしょうきりゅう,上昇気流,josyokiryu
しゅどうけんをにぎる,主導権を握る,syudokenonigiru
さいこうのゆきげしき,最高の雪景色,saikonoyukigesiki
こんびにえんすすとあ,コンビニエンスストア,konnbiniennsusutoa
はさみでちょきちょき,はさみでチョキチョキ,hasamidechokichoki
べんきょうしなさい!,勉強しなさい!,bennkyosinasai!
ちきゅうはあおかった,地球は青かった,tikyuhaokatta
うんめいのあかいいと,運命の赤い糸,unnmeinoakaiito
しるばーあくせさりー,シルバーアクセサリー,sirubaakusesari
しょうりんじけんぽう,少林寺拳法,syorinnzikennnpo
おりょうりきょうしつ,お料理教室,oryorikyositu
ほわいとちょこれーと,ホワイトチョコレート,howaitochokoreto
じょうがいほーむらん,場外ホームラン,jogaihomurann
みぶんしょうめいしょ,身分証明書,mibunnsyomeisyo
らんちたいむさーびす,ランチタイムサービス,ranntitaimusabisu
さいしゅうしょくさき,再就職先,saisyusyokusaki
けいぞくはちからなり,継続は力なり,keizokuhatikaranari
しゅーてぃんぐげーむ,シューティングゲーム,syuteinngugemu
ごみはもちかえろう!,ごみは持ち帰ろう!,gomihamotikaero!
そつぎょうぶんしゅう,卒業文集,sotugyobunnsyu
いっきゅうにゅうこん,一球入魂,itkyunnyukonn
あしたからだいえっと,あしたからダイエット,asitakaradaietto
あなごいっぽんにぎり,アナゴ一本握り,anagoipponnnigiri
おとしだまちょうだい,お年玉ちょうだい,otosidamachodai
おぬしもわるじゃのう,お主も悪じゃのう,onusimowarujano
かいようしんそうすい,海洋深層水,kaiyosinnsosui
きょうはぶれいこうで,今日は無礼講で,kyohabureikode
あまいものはべつばら,甘いものは別腹,amaimonohabetubara
ずいずいずっころばし,ずいずいずっころばし,zuizuizukkorobasi
にんじんもたべなさい,ニンジンも食べなさい,ninnzinnmotabenasai
まっちいりませんかー,マッチいりませんかー,mattiirimasennka
りょうりはあいじょう,料理は愛情,ryorihaijo
うまのみみにねんぶつ,馬の耳に念仏,umanomimininennnbutu
えいかいわきょうしつ,英会話教室,eikaiwakyositu
だるまさんがころんだ,だるまさんが転んだ,darumasanngakoronnda
かりふぉるにあろーる,カリフォルニアロール,karihuoruniaroru
かせいじんしゅうらい,火星人襲来,kaseizinnsyurai
くりすますぱーてぃー,クリスマスパーティー,kurisumasupatei
いちごしょーとけーき,イチゴショートケーキ,itigosyotokeki
しんがぽーるすりんぐ,シンガポールスリング,sinngaporusurinngu
おおぐいせんしゅけん,大食い選手権,oguisennsyukenn
すぺーすきーをれんだ,スペースキーを連打,supesukiorennda
あきかんはりさいくる,空き缶はリサイクル,akikannharisaikuru
がっこうきゅうしょく,学校給食,gatkokyusyoku
ろうかにたってなさい,廊下に立ってなさい,rokanitattenasai
きゅうしょくとうばん,給食当番,kyusyokutobann
あけましておめでとう,あけましておめでとう,akemasiteomedeto
けつえきがたうらない,血液型占い,ketuekigatauranai
きおくにございません,記憶にございません,kiokunigozaimasenn
こんびにえんすすとあ,コンビニエンスストア,konnbiniennsusutoa
きょうのおすすめひん,今日のおすすめ品,kyonosusumehinn
ふとんからでられない,布団から出られない,hutonnkaraderarenai
りょうりのさしすせそ,料理のさしすせそ,ryorinosasisuseso
ぜんじどうせんたくき,全自動洗濯機,zennzidosenntakuki
はんばーぐていしょく,ハンバーグ定食,hannbaguteisyoku
かわいいちわわですね,可愛いチワワですね,kawaiitiwawadesune
かるしうむがたりない,カルシウムが足りない,karusiumugatarinai
おきにいりにとうろく,お気に入りに登録,okiniirinitoroku
しょっぴんぐせんたー,ショッピングセンター,syoppinngusennta
ほわいとちょこれーと,ホワイトチョコレート,howaitochokoreto
ふぁみりーれすとらん,ファミリーレストラン,huamiriresutorann
らいねんのかれんだー,来年のカレンダー,rainennnokarennda
ぬいだらぬぎっぱなし,脱いだら脱ぎっぱなし,nuidaranugippanasi
さんまがやすいですよ,サンマが安いですよ,sannmagayasuidesuyo
ふろあがりのいっぱい,風呂上りの一杯,huroagarinoippai
えびふらいていしょく,エビフライ定食,ebihuraiteisyoku
みそらーめんおおもり,味噌ラーメン大盛り,misoramenomori
りくらいにんぐしーと,リクライニングシート,rikuraininngusito
どくしょかんそうぶん,読書感想文,dokusyokannsobunn
おちゅうげんのきせつ,お中元の季節,ochugennnokisetu
こうかいさきにたたず,後悔先に立たず,kokaisakinitatazu
ねったいうりんきこう,熱帯雨林気候,nettaiurinnkiko
いせえびたべほうだい,伊勢海老食べ放題,isebitabehodai
でんきをたいせつにね,電気を大切にね,dennkiotaisetunine
じょうしょうきりゅう,上昇気流,josyokiryu
しらうおのおどりぐい,シラウオの踊り食い,sirauonodorigui
そうちょうらんにんぐ,早朝ランニング,sochorannninngu
とうきょうときょうと,東京と京都,tokyotokyoto
わしょくかようしょく,和食か洋食,wasyokukayosyoku
しょうばいはんじょう,商売繁盛,syobaihannjo
あいどりんぐすとっぷ,アイドリングストップ,aidorinngusutoppu
あしたははれらしいよ,あしたは晴れらしいよ,asitahaharerasiiyo
おっと、わすれてた!,おっと、忘れてた!,otto、wasureteta!
おとしあなにおちた!,落とし穴に落ちた!,otosiananiotita!
はるかとおくのぎんが,はるか遠くの銀河,harukatokunoginnga
あしたてんきになーれ,あした天気になーれ,asitatennkininare
へっどすらいでぃんぐ,ヘッドスライディング,hetdosuraideinngu
がっこうのななふしぎ,学校の七不思議,gakkononanahusigi
ほれぐすりはいかが?,惚れ薬はいかが?,horegusurihaikaga?
まねきねことあくしゅ,招き猫と握手,manekinekotoakusyu
ゆうしょうとろふぃー,優勝トロフィー,yusyotorohui
ぷろぐらみんぐげんご,プログラミング言語,puroguraminngugenngo
こんぴゅーたうぃるす,コンピュータウィルス,konnpyutauirusu
こーひーぎゅうにゅう,コーヒー牛乳,kohigyunnyu
いしゃのふようじょう,医者の不養生,isyanohuyojo
いまなんじかわかる?,今何時か分かる?,imanannzikawakaru?
たべすぎてうごけない,食べ過ぎて動けない,tabesugiteugokenai
ぼくもとうみんしたい,僕も冬眠したい,bokumotominnsitai
よこもじはにがてです,横文字はニガテです,yokomozihanigatedesu
さいぼうのぞうしょく,細胞の増殖,saibonozosyoku
ふれみんぐのほうそく,フレミングの法則,hureminngunohosoku
しんちゃくじょうほう,新着情報,sinntyakujoho
でざいなーずまんしょん,デザイナーズマンション,dezainazumannsyonn
あこーすてぃっくぎたー,アコースティックギター,akosuteitkugita
ぽぴゅらーなぷろぐらむ,ポピュラーなプログラム,popyuranapuroguramu
りょくおうしょくやさい,緑黄色野菜,ryokuosyokuyasai
がんばれ!あとすこし!,頑張れ!あと少し!,gannnbare!atosukosi!
たいふうせっきんちゅう,台風接近中,taihuusekkinnchu
びーるのおいしいきせつ,ビールのおいしい季節,birunoisiikisetu
とけいがこわれたんです,時計が壊れたんです,tokeigakowaretanndesu
みけいけんしゃかんげい,未経験者歓迎,mikeikennsyakanngei
たっきゅうでだっきゅう,卓球で脱臼,tatkyudedatkyu
しゅっけつだいさーびす,出血大サービス,syukketudaisabisu
あこがれのせーらーふく,あこがれのセーラー服,akogarenoserahuku
ありがとうございました,ありがとうございました,arigatogozaimasita
まったくおぼえていない,全く覚えていない,mattakuoboeteinai
なつやすみのすごしかた,夏休みの過ごし方,natuyasuminosugosikata
はげしいりんぼーだんす,激しいリンボーダンス,hagesiirinnnbodannsu
あいにこっきょうはない,愛に国境はない,ainikotkyohanai
すんぶんのくるいもない,寸分の狂いもない,sunnbunnnokuruimonai
かんどうてきなさいかい,感動的な再会,kanndotekinasaikai
じゃくにくきょうしょく,弱肉強食,jakunikukyosyoku
あたまのなかはまっしろ,頭の中は真っ白,atamanonakahamassiro
はーどでぃすくどらいぶ,ハードディスクドライブ,hadodeisukudoraibu
とらぶるしゅーてぃんぐ,トラブルシューティング,toraburusyuteinngu
こうしえんきゅうじょう,甲子園球場,kosiennkyujo
こたつでみかんをたべる,こたつでみかんを食べる,kotatudemikanotaberu
ひじょうじたいはっせい,非常事態発生,hijozitaihatsei
ぜんざいさんをつぎこむ,全財産をつぎ込む,zennzaisanotugikomu
りもーとこんとろーらー,リモートコントローラー,rimotokonntorora
ういんどうしょっぴんぐ,ウインドウショッピング,uinndosyoppinngu
すくらんぶるこうさてん,スクランブル交差点,sukurannburukosatenn
たんじょうびおめでとう,誕生日おめでとう,tannjobiomedeto
ぶるーたす、おまえもか,ブルータス、お前もか,burutasu、omaemoka
もういちどやりなおそう,もう一度やり直そう,moitidoyarinaoso
ほっかいどうちょくそう,北海道直送,hotkaidochokuso
たべたらはをみがこうね,食べたら歯を磨こうね,tabetarahaomigakone
えるにーにょげんしょう,エルニーニョ現象,eruninnyogennsyo
ふろんてぃあすぴりっと,フロンティアスピリット,huronnteiasupiritto
きょうもざんぎょうです,今日も残業です,kyomozanngyodesu
かきごおりはじめました,カキ氷始めました,kakigorihazimemasita
あめりかんふっとぼーる,アメリカンフットボール,amerikannhuttoboru
たんじょうびおめでとう,誕生日おめでとう,tannjobiomedeto
ふぁーぶるこんちゅうき,ファーブル昆虫記,huaburukonnchuki
もうさいかんげんしょう,毛細管現象,mosaikanngennsyo
ぶりとかいてぶりとよむ,鰤と書いてブリと読む,buritokaiteburitoyomu
でぃすかうんとしょっぷ,ディスカウントショップ,deisukaunntosyoppu
こくみんけんこうほけん,国民健康保険,kokuminnkennkohokenn
じぶらるたるかいきょう,ジブラルタル海峡,ziburarutarukaikyo
これはくんれんではない,これは訓練ではない,korehakunnrenndehanai
ぜんじどうさらあらいき,全自動皿洗い機,zennzidosararaiki
よろしくおねがいします,よろしくお願いします,yorosikuonegaisimasu
こんやはかれーらいすよ,今夜はカレーライスよ,konnyahakareraisuyo
かいいぬにてをかまれる,飼い犬に手を咬まれる,kaiinuniteokamareru
なつやすみのしゅくだい,夏休みの宿題,natuyasuminosyukudai
おんらいんしょっぴんぐ,オンラインショッピング,onnrainnsyoppinngu
おかげさまでげんきです,おかげ様で元気です,okagesamadegennkidesu
むじんとうでさばいばる,無人島でサバイバル,muzinntodesabaibaru
まずはおでんわください,まずはお電話ください,mazuhaodennwakudasai
ゆりかごからはかばまで,揺りかごから墓場まで,yurikagokarahakabamade
ぐらふぃっくでざいなー,グラフィックデザイナー,gurahuikkudezaina
えんのしたのちからもち,縁の下の力持ち,ennnositanotikaramoti
たんじょうびぷれぜんと,誕生日プレゼント,tannjobipurezennto
ほうふなぼきゃぶらりー,豊富なボキャブラリー,hohunabokyaburari
ふだんぎはぱじゃまです,普段着はパジャマです,hudanngihapajamadesu
ぜんりょくをつくします,全力を尽くします,zennryokuotukusimasu
でぱーとのあどばるーん,デパートのアドバルーン,depatonoadobarunn
いぬかきならおよげます,犬かきなら泳げます,inukakinaraoyogemasu
ねこのてもかりたいです,猫の手も借りたいです,nekonotemokaritaidesu
しょくちゅうしょくぶつ,食虫植物,syokuchusyokubutu
おにのいぬまにせんたく,鬼の居ぬ間に洗濯,oninoinumanisenntaku
えきしょうでぃすぷれい,液晶ディスプレイ,ekisyodeisupurei
あおいそら、しろいくも,青い空、白い雲,aoisora、siroikumo
じゅようときょうきゅう,需要と供給,juyotokyokyu
こうきゅうちょこれーと,高級チョコレート,kokyuchokoreto
わにがわのはんどばっぐ,ワニ革のハンドバッグ,wanigawanohanndobatgu
げんざいのじょうきょう,現在の状況,gennzainojokyo
ここだけのはなしですが,ここだけの話ですが,kokodakenohanasidesuga
おにはそと、ふくはうち,鬼は外、福は内,onihasoto、hukuhauti
すいまにはかてなかった,睡魔には勝てなかった,suimanihakatenakatta
みりょくてきなあいてむ,魅力的なアイテム,miryokutekinaitemu
たつとりあとをにごさず,立つ鳥跡を濁さず,tatutoriatonigosazu
かくしあじはおしょうゆ,隠し味はお醤油,kakusiazihaosyoyu
ふとんがこいしいきせつ,布団が恋しい季節,hutonngakoisiikisetu
ちょうじょうげんしょう,超常現象,chojogennsyo
しようじょうのちゅうい,使用上の注意,siyojonochui
るーるをまもりましょう,ルールを守りましょう,ruruomamorimasyo
しぇふのきまぐれらんち,シェフの気まぐれランチ,siehunokimagurerannti
しろいごはんがたべたい,白いご飯が食べたい,siroigohanngatabetai
まちにまったさんかんび,待ちに待った参観日,matinimattasannkannnbi
こんばんかれーですか?,今晩カレーですか?,konnbannkaredesuka?
けいえいこんさるたんと,経営コンサルタント,keieikonnsarutannto
ばっくあっぷしてない!,バックアップしてない!,bakkuappusitenai!
えいりあんがやってきた,エイリアンがやってきた,eirianngayattekita
ちばからのてんこうせい,千葉からの転校生,tibakaranotennkosei
きょうはたのしかったよ,今日は楽しかったよ,kyohatanosikattayo
あせるとまちがえますよ,あせると間違えますよ,aserutomatigaemasuyo
ひっさつ!ねこぱんち!,必殺!猫パンチ!,hitsatu!nekopannti!
いしばしをたたいてわる,石橋を叩いて割る,isibasiotataitewaru
てれふぉんしょっぴんぐ,テレフォンショッピング,terehuonnsyoppinngu
おてあらいはあちらです,お手洗いはあちらです,otearaihatiradesu
ちょっとまってください,ちょっと待ってください,chottomattekudasai
あたらしいげーむそふと,新しいゲームソフト,atarasiigemusohuto
きょうせいしゅうりょう,強制終了,kyoseisyuryo
こってりすーぷがきめて,こってりスープが決めて,kotterisupugakimete
こうきあつとていきあつ,高気圧と低気圧,kokiatutoteikiatu
おまえのめはふしあなか,お前の目は節穴か,omaenomehahusianaka
うんもじつりょくのうち,運も実力の内,unnmozituryokunoti
はんにんは、おまえだ!,犯人は、お前だ!,hannninnha、omaeda!
うまれかわったらびじょ!,生まれ変わったら美女!,umarekawattarabijo!
おむらいすがだいこうぶつ,オムライスが大好物,omuraisugadaikobutu
いらすとろじっくにはまる,イラストロジックにはまる,irasutorozikkunihamaru
ひとのかずだけなぞがある,人の数だけ謎がある,hitonokazudakenazogaru
はこをあけたらおじいさん,箱を開けたらおじいさん,hakoaketaraoziisann
やまとうみどっちがすき?,山と海どっちが好き?,yamatomidottigasuki?
ながいよるになりそうです,長い夜になりそうです,nagaiyoruninarisodesu
ずっとこのままねていたい,ずっとこのまま寝ていたい,zuttokonomamaneteitai
うんめいなんてしんじない,運命なんて信じない,unnmeinanntesinnzinai
ますたー、いつものやつね,マスター、いつものやつね,masuta、itumonoyatune
おかわりはいかがですか?,お代わりはいかがですか?,okawarihaikagadesuka?
じんせいやまありたにあり,人生山あり谷あり,zinnseiyamaritaniari
ずっとあそんでくらしたい,ずっと遊んで暮らしたい,zuttoasonndekurasitai
こんしゅうのべすとせらー,今週のベストセラー,konnsyunobesutosera
いつからいたんですか!?,いつからいたんですか!?,itukaraitanndesuka!?
ごじゆうにおもちください,ご自由にお持ち下さい,goziyuniomotikudasai
しんりがくをせんこうする,心理学を専攻する,sinnrigakuosennkosuru
ぼせいほんのうをくすぐる,母性本能をくすぐる,boseihonnnookusuguru
はやおきはさんもんのとく,早起きは三文の得,hayaokihasannmonnnotoku
せかいいっしゅうりょこう,世界一周旅行,sekaiitsyuryoko
おんなごころとあきのそら,女心と秋の空,onnnagokorotoakinosora
おもなとうじょうじんぶつ,主な登場人物,omonatojozinnnbutu
ぱーそなるこんぴゅーた,パーソナルコンピュータ,pasonarukonnpyuta
こんどはだいじょうぶです,今度は大丈夫です,konndohadaijobudesu
ねっきょうてきさぽーたー,熱狂的サポーター,netkyotekisapota
どんぞこからはいあがれ!,どん底からはいあがれ!,donnzokokarahaiagare!
いひょうをつくあいでぃあ,意表をつくアイディア,ihyootukuaideia
あるばいとぼしゅうちゅう,アルバイト募集中,arubaitobosyuchu
だいひょうとりしまりやく,代表取締役,daihyotorisimariyaku
どうしてもおもいだせない,どうしても思い出せない,dositemomoidasenai
さむいひがつづいています,寒い日が続いています,samuihigatuzuiteimasu
とっきょしゅつがんちゅう,特許出願中,tokkyosyutugannchu
かんさいこくさいくうこう,関西国際空港,kannsaikokusaikuko
らいばるしんにひがついた,ライバル心に火がついた,raibarusinnnihigatuita
ひもなしばんじーじゃんぷ,紐なしバンジージャンプ,himonasibannzijannnpu
いんくじぇっとぷりんたー,インクジェットプリンター,innkuziettopurinnta
むじんとうにひょうちゃく,無人島に漂着,muzinntonihyotyaku
もうすこしまってください,もう少し待ってください,mosukosimattekudasai
いざじんじょうにしょうぶ,いざ尋常に勝負,izazinnjonisyobu
しょくぎょうあんていじょ,職業安定所,syokugyoannteijo
ねんまつだいかんしゃさい,年末大感謝祭,nennnmatudaikannsyasai
ぱぱ、ぼくおとうとほしい,パパ、ぼく弟ほしい,papa、bokuototohosii
しょうどうがいがけってん,衝動買いが欠点,syodogaigakettenn
りょうしゅうしょください,領収書ください,ryosyusyokudasai
しょりそくどをこうそくか,処理速度を高速化,syorisokudokosokuka
さいきどうがひつようです,再起動が必要です,saikidogahituyodesu
ほーむぺーじつくりました,ホームページ作りました,homupezitukurimasita
あおいろしんこくのきせつ,青色申告の季節,aoirosinnkokunokisetu
はくばにのったおうじさま,白馬に乗った王子様,hakubaninottaozisama
あめりかんしょーとへあー,アメリカンショートヘアー,amerikannsyotohea
あいたくちがふさがらない,開いた口がふさがらない,aitakutigahusagaranai
ぐあむとさいぱんはちかい,グアムとサイパンは近い,guamutosaipannhatikai
みかくにんひこうぶったい,未確認飛行物体,mikakuninnhikobuttai
きゃんぺーんじっしちゅう,キャンペーン実施中,kyannnpennzissichu
いぬはえいごでどっぐです,犬は英語でドッグです,inuhaeigodedotgudesu
じぶんにたいするごほうび,自分に対するご褒美,zibunnnitaisurugohobi
そこをうせつしてください,そこを右折してください,sokousetusitekudasai
ごりようはけいかくてきに,ご利用は計画的に,goriyohakeikakutekini
たいいくかんにしゅうごう,体育館に集合,taiikukannnisyugo
みぎくりっくできゃんせる,右クリックでキャンセル,migikuritkudekyannseru
わかったひとはてをあげて,分かった人は手を挙げて,wakattahitohateoagete
みそばたーこーんらーめん,味噌バターコーンラーメン,misobatakonnramenn
さけはのんでものまれるな,酒は飲んでも飲まれるな,sakehanonndemonomareruna
ばみゅーだとらいあんぐる,バミューダトライアングル,bannyudatoraiannguru
かさでごるふのれんしゅう,傘でゴルフの練習,kasadegoruhunorennsyu
ちゅーりっぷがさきました,チューリップが咲きました,churippugasakimasita
われわれはうちゅうじんだ,ワレワレハウチュウジンダ,warewarehauchuzinnda
ただよりたかいものはない,只より高いものは無い,tadayoritakaimonohanai
がーでにんぐがしゅみです,ガーデニングが趣味です,gadeninngugasyumidesu
ねこのくびにすずをつける,猫の首に鈴をつける,nekonokubinisuzuotukeru
うちゅうせんちきゅうごう,宇宙船地球号,uchusenntikyugo
ふゆしょうぐんのとうらい,冬将軍の到来,huyusyogunnnotorai
ほこりでくしゃみれんぱつ,ホコリでくしゃみ連発,hokoridekusyamirennnpatu
からしめんたいこおにぎり,辛子明太子おにぎり,karasimenntaikonigiri
くりすますつりーてんとう,クリスマスツリー点灯,kurisumasuturitennto
さけといくらのおやこどん,鮭とイクラの親子丼,saketoikuranoyakodonn
おしょうゆとってください,お醤油取って下さい,osyoyutottekudasai
ゆうじゅうふだんなひとね,優柔不断な人ね,yujuhudannnahitone
はたらくぱぱはかっこいい,働くパパはカッコイイ,hatarakupapahakatkoii
ごくひぷろじぇくとしどう,極秘プロジェクト始動,gokuhipuroziekutosido
かいすいよくですいかわり,海水浴でスイカ割り,kaisuiyokudesuikawari
きょうはいいてんきですね,今日はいい天気ですね,kyohaiitennkidesune
しょうがいぶつきょうそう,障害物競走,syogaibutukyoso
しゅくだいをわすれました,宿題を忘れました,syukudaiowasuremasita
あめがやんだらにじがでた,雨がやんだら虹が出た,amegayanndaranizigadeta
ぎゅうにくのかるぱっちょ,牛肉のカルパッチョ,gyunikunokarupatcho
すもももももももものうち,スモモも桃も桃のうち,sumomomomomomomomonoti
あなあきじーぱんはさむい,穴あきジーパンは寒い,anakizipannhasamui
かんぬこくさいえいがさい,カンヌ国際映画祭,kannnukokusaieigasai
せんきょかんりいいんかい,選挙管理委員会,sennkyokannriiinnkai
さいこうきゅうしょくざい,最高級食材,saikokyusyokuzai
おおばけのかのうせいあり,大化けの可能性あり,obakenokanoseiari
かめのこうよりとしのこう,亀の甲より年の功,kamenokoyoritosinoko
さびぬきでおねがいします,サビぬきでお願いします,sabinukideonegaisimasu
おぺれーてぃんぐしすてむ,オペレーティングシステム,opereteinngusisutemu
せいしのさかいをさまよう,生死の境をさまよう,seisinosakaiosamayo
このはし、わたるべからず,この橋、渡るべからず,konohasi、watarubekarazu
ただいましなぎれちゅう!,ただいま品切れ中!,tadaimasinagirechu!
きりつ、れい、ちゃくせき,起立、礼、着席,kiritu、rei、tyakuseki
ごえんだまにはあながある,五円玉には穴がある,goenndamanihanagaru
ふぐのたいりょうはっせい,フグの大量発生,hugunotairyohatsei
ひとをのろわばあなふたつ,人を呪わば穴二つ,hitonorowabanahutatu
ていしゅかいぞうけいかく,亭主改造計画,teisyukaizokeikaku
ちきゅうがいせいめいたい,地球外生命体,tikyugaiseimeitai
にゅーよーくでにゅうよく,ニューヨークで入浴,nyuyokudennyuyoku
ねこはせまいところがおすき,猫は狭いところがお好き,nekohasemaitokorogaosuki
しんくろないずどすいみんぐ,シンクロナイズドスイミング,sinnkuronaizudosuiminngu
あんしんするのはまだはやい,安心するのはまだ早い,annsinnsurunohamadahayai
れんぞくだつさんしんきろく,連続奪三振記録,rennzokudatusannsinnkiroku
いちなんさってまたいちなん,一難去ってまた一難,itinannsattemataitinann
めじゃーりーぐへちょうせん,メジャーリーグへ挑戦,mejariguhechosenn
えだげがふえてきになります,枝毛が増えて気になります,edagegahuetekininarimasu
りゅうこうにながされるな!,流行に流されるな!,ryukoninagasareruna!
ゆかたのきれいなおねえさん,浴衣の綺麗なお姉さん,yukatanokireinaonesann
きれいなはなにはとげがある,綺麗な花にはトゲがある,kireinahananihatogegaru
もうだめだ、こうさんしよう,もうだめだ、降参しよう,modameda、kosannsiyo
ほっぷ、すてっぷ、じゃんぷ,ホップ、ステップ、ジャンプ,hoppu、suteppu、jannpu
るすばんでんわさーびすです,留守番電話サービスです,rusubanndennwasabisudesu
めいわくめーるがおおすぎる,迷惑メールが多すぎる,meiwakumerugaosugiru
めーるのあてさきまちがえた,メールのあて先間違えた,merunoatesakimatigaeta
なかよしこよしのおともだち,仲良しこよしのお友達,nakayosikoyosinotomodati
ぜんぴんれじにてはんがく!,全品レジにて半額!,zennnpinnrezinitehanngaku!
じゃすみんてぃーはいかが?,ジャスミンティーはいかが?,jasuminnteihaikaga?
ごかつやくをおいのりします,ご活躍をお祈りします,gokatuyakuoinorisimasu
おとなりはていしゅかんぱく,お隣は亭主関白,otonarihateisyukannpaku
かにくいりおれんじじゅーす,果肉入りオレンジジュース,kanikuiriorennzijusu
おいしいおにくがたべたいな,おいしいお肉が食べたいな,oisiionikugatabetaina
あんぜんなのかはしらないよ,安全なのかは知らないよ,annzennnanokahasiranaiyo
ざっしのおきばにこまってる,雑誌の置き場に困ってる,zassinokibanikomatteru
あしたはあしたのかぜがふく,あしたはあしたの風が吹く,asitahasitanokazegahuku
いぶんかこみゅにけーしょん,異文化コミュニケーション,ibunnkakonnyunikesyonn
さいこうきゅうのおもてなし,最高級のおもてなし,saikokyunomotenasi
はりつめたくうきがただよう,張りつめた空気が漂う,haritumetakukigatadayo
しょうねんよたいしをいだけ,少年よ大志を抱け,syonennyotaisioidake
ぼくとつきあってください!,僕と付き合ってください!,bokutotukiattekudasai!
ちゃんとはをみがきなさい!,ちゃんと歯を磨きなさい!,tyanntohaomigakinasai!
ねこじゃらしでじゃれるねこ,ねこじゃらしでじゃれるねこ,nekojarasidejareruneko
にわにはにわにわとりがいる,庭には二羽にわとりがいる,niwanihaniwaniwatorigairu
うちゅうじんにあいましたよ,宇宙人に会いましたよ,uchuzinnniaimasitayo
えさをあたえないでください,エサを与えないで下さい,esaoataenaidekudasai
あかでみーしょうじゅしょう,アカデミー賞受賞,akademisyojusyo
ここであったがひゃくねんめ,ここで会ったが百年目,kokodeattagahyakunennme
ここはどこ?わたしはだれ?,ここはドコ?私は誰?,kokohadoko?watasihadare?
ぱすわーどをいれてください,パスワードを入れてください,pasuwadoiretekudasai
あぷりけーしょんえらーです,アプリケーションエラーです,apurikesyoneradesu
いたいのいたいのとんでいけ,痛いの痛いの飛んで行け,itainoitainotonndeike
わたしえいごわかりませーん,私英語ワカリマセーン,watasieigowakarimasenn
おさけはおとなになってから,お酒は大人になってから,osakehaotonaninattekara
われおもう、ゆえにわれあり,我思う、故に我あり,wareomo、yueniwareari
したからよんでもしんぶんし,下から読んでも新聞紙,sitakarayonndemosinnnbunnsi
いえにかえるまでがえんそく,家に帰るまでが遠足,ienikaerumadegaennsoku
にほんのしゅとはとうきょう,日本の首都は東京,nihonnnosyutohatokyo
うえからよんでもしんぶんし,上から読んでも新聞紙,uekarayonndemosinnnbunnsi
こうもりはほにゅうるいです,コウモリは哺乳類です,komorihahonnyuruidesu
めざましどけいにかちました,目覚まし時計に勝ちました,mezamasidokeinikatimasita
いわれたとおりにやったのに,言われた通りにやったのに,iwaretatoriniyattanoni
しんしゅんしゃんそんしょー,新春シャンソンショー,sinnsyunnsyannsonnsyo
なまむぎなまごめなまたまご,生むぎ生ごめ生たまご,namamuginamagomenamatamago
だうんろーどをかいしします,ダウンロードを開始します,daunnrodokaisisimasu
せんしんこくしゅのうかいぎ,先進国首脳会議,sennsinnkokusyunokaigi
とりあえずびーるちょうだい,とりあえずビールちょうだい,toriaezubiruchodai
ほそめんふとめんちぢれめん,細麺太麺ちぢれ麺,hosomennhutomenntiziremenn
いぬもあるけばぼうにあたる,犬も歩けば棒に当たる,inumoarukebaboniataru
いんてりあこーでぃねーたー,インテリアコーディネーター,innteriakodeineta
こんやはろーるきゃべつです,今夜はロールキャベツです,konnyaharorukyabetudesu
ひじょうしきにもほどがある,非常識にも程がある,hijosikinimohodogaru
しかくいたたみをまるくはく,四角い畳を丸く掃く,sikakuitatamiomarukuhaku
ゆうこうきげんがきれました,有効期限が切れました,yukokigenngakiremasita
とくしょうははわいりょこう,特賞はハワイ旅行,tokusyohahawairyoko
さんかくかんすうがもんだい,三角関数が問題,sannkakukannsugamonndai
ていきあつがはったつちゅう,低気圧が発達中,teikiatugahattatuchu
ゆうきゅうきゅうかをつかう,有給休暇を使う,yukyukyukaotukau
とっぴんぐはちょこれーとで,トッピングはチョコレートで,toppinnguhachokoretode
みでぃあむでやいてください,ミディアムで焼いてください,mideiamudeyaitekudasai
ぞうのはなはなぜながいの?,象の鼻はなぜ長いの?,zonohanahanazenagaino?
きょうじゅうにおわらせてね,今日中に終わらせてね,kyojuniowarasetene
ただいまじゅんびちゅうです,ただ今準備中です,tadaimajunnbichudesu
とらぬたぬきのかわざんよう,取らぬタヌキの皮算用,toranutanukinokawazannyo
あめよ!ふとんとりこんで!,雨よ!布団とりこんで!,ameyo!hutonntorikonnde!
ういすきーをおんざろっくで,ウイスキーをオンザロックで,uisukionnzarotkude
ひやしちゅうかはじめました,冷やし中華始めました,hiyasichukahazimemasita
くりすますのていばんそんぐ,クリスマスの定番ソング,kurisumasunoteibannsonngu
めんぜいてんはどこですか?,免税店はどこですか?,mennzeitennhadokodesuka?
いぬもあるけばぼうにあたる,イヌも歩けば棒にあたる,inumoarukebaboniataru
しんにゅうせいかんげいかい,新入生歓迎会,sinnnyuseikanngeikai
そんなこわいかおするなって,そんな恐い顔するなって,sonnnakowaikaosurunatte
かようびはていきゅうびです,火曜日は定休日です,kayobihateikyubidesu
つかいすてこんたくとれんず,使い捨てコンタクトレンズ,tukaisutekonntakutorennzu
なつやすみがまちどおしい!,夏休みが待ち遠しい!,natuyasumigamatidosii!
だれもはんのうしてくれない,誰も反応してくれない,daremohannnositekurenai
たたみにきのこがはえました,畳にキノコが生えました,tataminikinokogahaemasita
おれのけーきくったのだれだ,俺のケーキ食ったの誰だ,orenokekikuttanodareda
やすみのひくらいねかせてよ,休みの日くらい寝かせてよ,yasuminohikurainekaseteyo
ないたぶんだけつよくなれる,泣いた分だけ強くなれる,naitabunndaketuyokunareru
ぞうがふんでもこわれません,象が踏んでも壊れません,zogahunndemokowaremasenn
とほでえきまでじゅうごふん,徒歩で駅まで十五分,tohodekimadejugohunn
あしたはあしたのかぜがふく,明日は明日の風が吹く,asitahasitanokazegahuku
うまいはなしにゃうらがある,うまい話にゃ裏がある,umaihanasinnyauragaru
むちはときとしてつみになる,無知は時として罪になる,mutihatokitositetumininaru
あるみかんのうえにあるみかん,アルミ缶の上にあるミカン,arumikannnoeniarumikann
さいじょうきゅうのおもてなし,最上級のおもてなし,saijokyunomotenasi
ふっとわーくならだれにもまけない!,フットワークなら誰にも負けない!,huttowakunaradarenimomakenai!
おれのさけがのめないっていうのか!,俺の酒が飲めないって言うのか!,orenosakeganomenaitteiunoka!
ぎょうれつのできるらーめんや,行列のできるラーメン屋,gyoretunodekiruramennya
まんげつかがやくあきのよぞら,満月輝く秋の夜空,manngetukagayakuakinoyozora
きみのなみだ、ずっとわすれない,君の涙、ずっと忘れない,kiminonamida、zuttowasurenai
はんせいだけならさるでもできる,反省だけならサルでも出来る,hannseidakenarasarudemodekiru
きゅうしょくでざーとそうだつせん,給食デザート争奪戦,kyusyokudezatosodatusenn
きょうみのあるぶんやにだけつよい,興味のある分野にだけ強い,kyominoarubunnyanidaketuyoi
はれたあおぞら、かがやくほしぞら,晴れた青空、輝く星空,haretaozora、kagayakuhosizora
はるのじゅぎょうはすいみんがくしゅう,春の授業は睡眠学習,harunojugyohasuiminngakusyu
ろいやるすとれーとふらっしゅ,ロイヤルストレートフラッシュ,roiyarusutoretohuratsyu
くりすますまでにかれしがほしい,クリスマスまでに彼氏が欲しい,kurisumasumadenikaresigahosii
のるまんでぃじょうりくさくせん,ノルマンディ上陸作戦,norumanndeijorikusakusenn
さいん、こさいん、たんじぇんと,サイン、コサイン、タンジェント,sainn、kosainn、tannziennto
いちにちのはじまりはあいさつから,一日の始まりは挨拶から,itinitinohazimarihaisatukara
おきゃくさん、かんばんですよ,お客さん、看板ですよ,okyakusann、kannbanndesuyo
めだまやきにはなにをかける?,目玉焼きには何をかける?,medamayakinihananiokakeru?
えんりょしないでたくさんたべてね,遠慮しないでたくさん食べてね,ennryosinaidetakusanntabetene
きみのひとみにちぇっくめいと,君の瞳にチェックメイト,kiminohitominichetkumeito
しんこんりょこうはあたみです,新婚旅行は熱海です,sinnkonnryokohatamidesu
ぶんかさいじっこういいんかい,文化祭実行委員会,bunnkasaizikkoiinnkai
もういちどちゃんすをください,もう一度チャンスをください,moitidotyannsuokudasai
ばれんたいんでーはおとめのみかた,バレンタインデーは乙女の味方,barenntainndehaotomenomikata
あかちゃんからめがはなせない,赤ちゃんから目が離せない,akatyannkaramegahanasenai
それでもちきゅうはまわっている,それでも地球は回っている,soredemotikyuhamawatteiru
ちょうごうかしょうひんがあたります!,超豪華賞品が当たります!,chogokasyohinngatarimasu!
ぜったいぜつめいのだいぴんち,絶体絶命の大ピンチ,zettaizetumeinodaipinnti
こんしゅうのにちようび、ひま?,今週の日曜日、ヒマ?,konnsyunonitiyobi、hima?
はるのしんしょくしんはつばい,春の新色新発売,harunosinnsyokusinnhatubai
さくらぜんせんほくじょうちゅう,桜前線北上中,sakurazennsennhokujochu
じこしょうかいをしてください,自己紹介をしてください,zikosyokaiositekudasai
すりじゃやわるだなぷらこって,スリジャヤワルダナプラコッテ,surijayawarudanapurakotte
きょうどこでまちあわせする?,今日どこで待ち合わせする?,kyodokodematiawasesuru?
いたかったらみぎてをあげてください,痛かったら右手を上げてください,itakattaramigiteoagetekudasai
うそついたらはりせんぼんのーます,嘘ついたら針千本飲ーます,usotuitaraharisennnbonnnomasu
おじいさんはやまへしばかりに,おじいさんは山へ柴刈りに,oziisannhayamahesibakarini
おばあさんはかわへせんたくに,おばあさんは川へ洗濯に,obasannhakawahesenntakuni
あめだ!せんたくものしまって!,雨だ!洗濯物しまって!,ameda!senntakumonosimatte!
きんのおのですかぎんのおのですか,金の斧ですか銀の斧ですか,kinnnonodesukaginnnonodesuka
くちさきだけじゃしんようされないよ,口先だけじゃ信用されないよ,kutisakidakejasinnyosarenaiyo
たべてすぐねたらうしになりました,食べてすぐ寝たら牛になりました,tabetesugunetarausininarimasita
てんぷふぁいるがついてないよ,添付ファイルが付いてないよ,tennnpuhuairugatuitenaiyo
とうきょうとっきょきょかきょく,東京特許許可局,tokyototkyokyokakyoku
となりのきゃくはよくかきくうきゃくだ,隣の客はよく柿食う客だ,tonarinokyakuhayokukakikukyakuda
ももがどんぶらことながれてきました,桃がドンブラコと流れてきました,momogadonnnburakotonagaretekimasita
ほんとうにしゅうりょうしていいですか?,本当に終了していいですか?,honntonisyuryositeiidesuka?
かべにみみありしょうじにめあり,壁に耳あり障子に目あり,kabenimimiarisyozinimeari
おやつはとだなにはいっています,おやつは戸棚に入っています,oyatuhatodananihaitteimasu
こーひー?それともこうちゃ?,コーヒー?それとも紅茶?,kohi?soretomokotya?
あかまきがみあおまきがみきまきがみ,赤巻紙青巻紙黄巻紙,akamakigamiaomakigamikimakigami
ばななはおやつにはいりますか?,バナナはおやつに入りますか?,bananahaoyatunihairimasuka?
きのうのことはおぼえていません,昨日のことは覚えていません,kinonokotohaoboeteimasenn
たんすのかどにこゆびをぶつけた,タンスの角に小指をぶつけた,tannsunokadonikoyubiobutuketa
きゃびあはちょうざめのたまご,キャビアはチョウザメの卵,kyabiahachozamenotamago
しんとうめっきゃくすればひもまたすずし,心頭滅却すれば火もまた涼し,sinntomekkyakusurebahimomatasuzusi
たいようけいだいさんわくせいちきゅう,太陽系第三惑星地球,taiyokeidaisannwakuseitikyu
まさちゅーせっつこうかだいがく,マサチューセッツ工科大学,masachusettukokadaigaku
さいせっとあっぷのひつようせい,再セットアップの必要性,saisettoappunohituyosei
ろっぽうぜんしょをまるあんき,六法全書を丸暗記,roppozennsyomaruannki
いままでほんとうにおせわになりました,今まで本当にお世話になりました,imamadehonntoniosewaninarimasita
さいふ、けいたい、かぎ、ていき,財布、携帯、鍵、定期,saihu、keitai、kagi、teiki
さいゆうしゅうしんじんしょう,最優秀新人賞,saiyusyusinnzinnsyo
さいこうけいえいせきにんしゃ,最高経営責任者,saikokeieisekininnsya
しんとうきょうこくさいくうこう,新東京国際空港,sinntokyokokusaikuko
すいさんかなとりうむすいようえき,水酸化ナトリウム水溶液,suisannkanatoriumusuiyoeki
あかぱじゃまあおぱじゃまきぱじゃま,赤パジャマ青パジャマ黄パジャマ,akapajamaopajamakipajama
かいとうらんにきにゅうしなさい,解答欄に記入しなさい,kaitorannnikinnyusinasai
はたらかざるものくうべからず,働かざるもの食うべからず,hatarakazarumonokubekarazu
だいいちしぼうはゆずれない!,第一志望は譲れない!,daiitisibohayuzurenai!
だいがくにゅうしせんたーしけん,大学入試センター試験,daigakunnyusisenntasikenn
あらかじめごりょうしょうください,あらかじめご了承ください,arakazimegoryosyokudasai
ぎゃくてんさよならまんるいほーむらん,逆転サヨナラ満塁ホームラン,gyakutennsayonaramannruihomurann
いつまでもあるとおもうなおやとかね,いつまでもあると思うな親と金,itumademoarutomonaoyatokane
ししてしかばねひろうものなし,死して屍ひろうものなし,sisitesikabanehiromononasi
こどものころからのゆめでした,子供の頃からの夢でした,kodomonokorokaranoyumedesita
ごろごろするのもよていのうち,ゴロゴロするのも予定のうち,gorogorosurunomoyoteinoti
ちょうこうきゅうりぞーとほてる,超高級リゾートホテル,chokokyurizotohoteru
そこをまっすぐいってください,そこをまっすぐ行ってください,sokomatuguittekudasai
きほんてきじんけんのそんちょう,基本的人権の尊重,kihonntekizinnkennnosonncho
ぼらんてぃあさんだいぼしゅう!,ボランティアさん大募集!,borannteiasanndaibosyu!
うまれかわったぼくをみてください,生まれ変わった僕を見てください,umarekawattabokuomitekudasai
あめりかれんぽうそうさきょく,アメリカ連邦捜査局,amerikarennpososakyoku
せんとうをかいししてください,戦闘を開始してください,senntookaisisitekudasai
あすのてんきよほうはあめです,あすの天気予報は雨です,asunotennkiyohohamedesu
いっせいちだいのおおしょうぶ,一世一代の大勝負,itseitidainoosyobu
どうしようもないほどのかなしみ,どうしようもないほどの悲しみ,dosiyomonaihodonokanasimi
てすときかんまであといっしゅうかん,テスト期間まであと一週間,tesutokikannmadeatoitsyukann
たんじょうびぷれぜんと、なにがいい?,誕生日プレゼント、何がいい?,tannjobipurezennto、nanigaii?
げるまんみんぞくのだいいどう,ゲルマン民族の大移動,gerumannminnzokunodaiido
こうつうるーるをまもりましょう,交通ルールを守りましょう,kotururuomamorimasyo
あのゆうひにむかってだっしゅだ,あの夕日に向かってダッシュだ,anoyuhinimukattedatsyuda
めずらしくしんけんなかおしてるね,珍しく真剣な顔してるね,mezurasikusinnkennnakaositerune
このあとすぐ!ちゃんねるはそのまま,このあとすぐ!チャンネルはそのまま,konoatosugu!tyannneruhasonomama
はいどろぷれーにんぐげんしょう,ハイドロプレーニング現象,haidoropureninngugennsyo
もうかりまっか?ぼちぼちでんな,もうかりまっか?ぼちぼちでんな,mokarimakka?botibotidennna
またのおこしをおまちしております,またのお越しをお待ちしております,matanokosiomatisiteorimasu
かけこみじょうしゃはおやめください,駆け込み乗車はおやめください,kakekomijosyahaoyamekudasai
じかんがたつのははやいもので,時間が経つのは早いもので,zikanngatatunohahayaimonode
しんきおーぷん、いまならはんがく,新規オープン、今なら半額,sinnkiopunn、imanarahanngaku
らーめんのすーぷ、ぜんぶのむ?,ラーメンのスープ、全部飲む?,ramennnosupu、zennbunomu?
きのうのつかれがまだとれない,昨日の疲れがまだとれない,kinonotukaregamadatorenai
くちさきだけで、なかみがない,口先だけで、中身がない,kutisakidakede、nakamiganai
もういちどおかけなおしください,もう一度お掛け直し下さい,moitidokakenaosikudasai
けいたいのでんげんをおきりください,携帯の電源をお切り下さい,keitainodenngenokirikudasai
うそつきはどろぼうのはじまり,嘘つきは泥棒の始まり,usotukihadorobonohazimari
しゅみはおちゃとおはなとおことです,趣味はお茶とお花とお琴です,syumihaotyatohanatokotodesu
こんぴゅーたじっしゅうしつ,コンピュータ実習室,konnnpyutazitsyusitu
いっしゅうかんちゃくしんなし,一週間着信なし,itsyukanntyakusinnnasi
このいっしゅんにすべてをかける,この一瞬に全てをかける,konoitsyunnnisubeteokakeru
なつやすみのしゅくだいはおおすぎる,夏休みの宿題は多すぎる,natuyasuminosyukudaihaosugiru
ここからいっぽもとおさない!,ここから一歩も通さない!,kokokaraippomotosanai!
とうふのかどにあたまをぶつける,豆腐の角に頭をぶつける,tohunokadoniatamaobutukeru
なっとうのいととかくとうちゅう,納豆の糸と格闘中,nattonoitotokakutochu
きかんげんていとくせんすいーつ,期間限定特選スイーツ,kikanngennteitokusennsuitu
てんはひとのうえにひとをつくらず,天は人の上に人を作らず,tennhahitonoenihitotukurazu
まっちゃしらたまくりーむあんみつ,抹茶白玉クリームあんみつ,mattyasiratamakurimuannmitu
